state,district,crop,crop_year,season,field_1,area_unit,area,production_unit,yield
Karnataka,BAGALKOT,Arecanut,2001-02,Whole Year,4,Hectare,6.0,Tonnes,1.5
Karnataka,BAGALKOT,Arecanut,2003-04,Whole Year,6,Hectare,8.0,Tonnes,1.333333333
Karnataka,BANGALORE RURAL,Arecanut,2001-02,Whole Year,1828,Hectare,2557.0,Tonnes,1.398796499
Karnataka,BANGALORE RURAL,Arecanut,2003-04,Whole Year,1998,Hectare,2795.0,Tonnes,1.398898899
Karnataka,BELGAUM,Arecanut,2003-04,Whole Year,2,Hectare,3.0,Tonnes,1.5
Karnataka,BELLARY,Arecanut,2001-02,Whole Year,26,Hectare,37.0,Tonnes,1.423076923
Karnataka,BELLARY,Arecanut,2003-04,Whole Year,30,Hectare,43.0,Tonnes,1.433333333
Karnataka,BENGALURU URBAN,Arecanut,2001-02,Whole Year,81,Hectare,113.0,Tonnes,1.395061728
Karnataka,BENGALURU URBAN,Arecanut,2003-04,Whole Year,216,Hectare,302.0,Tonnes,1.398148148
Karnataka,CHAMARAJANAGAR,Arecanut,2001-02,Whole Year,279,Hectare,198.0,Tonnes,0.709677419
Karnataka,CHAMARAJANAGAR,Arecanut,2003-04,Whole Year,309,Hectare,219.0,Tonnes,0.708737864
Karnataka,CHIKMAGALUR,Arecanut,2001-02,Whole Year,15796,Hectare,18093.0,Tonnes,1.145416561
Karnataka,CHIKMAGALUR,Arecanut,2003-04,Whole Year,16347,Hectare,18724.0,Tonnes,1.145408944
Karnataka,CHITRADURGA,Arecanut,2001-02,Whole Year,12153,Hectare,11707.0,Tonnes,0.963301243
Karnataka,CHITRADURGA,Arecanut,2003-04,Whole Year,14366,Hectare,13838.0,Tonnes,0.963246554
Karnataka,DAKSHIN KANNAD,Arecanut,2001-02,Whole Year,25578,Hectare,45631.0,Tonnes,1.783994057
Karnataka,DAKSHIN KANNAD,Arecanut,2003-04,Whole Year,27092,Hectare,48332.0,Tonnes,1.783995275
Karnataka,DAVANGERE,Arecanut,2001-02,Whole Year,19487,Hectare,18771.0,Tonnes,0.963257556
Karnataka,DAVANGERE,Arecanut,2003-04,Whole Year,21235,Hectare,20455.0,Tonnes,0.963268189
Karnataka,DHARWAD,Arecanut,2001-02,Whole Year,10,Hectare,14.0,Tonnes,1.4
Karnataka,DHARWAD,Arecanut,2003-04,Whole Year,8,Hectare,11.0,Tonnes,1.375
Karnataka,GADAG,Arecanut,2003-04,Whole Year,2,Hectare,3.0,Tonnes,1.5
Karnataka,HASSAN,Arecanut,2001-02,Whole Year,2128,Hectare,2079.0,Tonnes,0.976973684
Karnataka,HASSAN,Arecanut,2003-04,Whole Year,3193,Hectare,3120.0,Tonnes,0.977137488
Karnataka,HAVERI,Arecanut,2001-02,Whole Year,507,Hectare,708.0,Tonnes,1.396449704
Karnataka,HAVERI,Arecanut,2003-04,Whole Year,634,Hectare,886.0,Tonnes,1.397476341
Karnataka,KODAGU,Arecanut,2001-02,Whole Year,1230,Hectare,1721.0,Tonnes,1.399186992
Karnataka,KODAGU,Arecanut,2003-04,Whole Year,1344,Hectare,1880.0,Tonnes,1.398809524
Karnataka,KOLAR,Arecanut,2001-02,Whole Year,81,Hectare,113.0,Tonnes,1.395061728
Karnataka,KOLAR,Arecanut,2003-04,Whole Year,67,Hectare,94.0,Tonnes,1.402985075
Karnataka,MANDYA,Arecanut,2001-02,Whole Year,732,Hectare,1023.0,Tonnes,1.397540984
Karnataka,MANDYA,Arecanut,2003-04,Whole Year,816,Hectare,1141.0,Tonnes,1.398284314
Karnataka,MYSORE,Arecanut,2001-02,Whole Year,798,Hectare,566.0,Tonnes,0.709273183
Karnataka,MYSORE,Arecanut,2003-04,Whole Year,645,Hectare,458.0,Tonnes,0.710077519
Karnataka,SHIMOGA,Arecanut,2001-02,Whole Year,26359,Hectare,39665.0,Tonnes,1.50479912
Karnataka,SHIMOGA,Arecanut,2003-04,Whole Year,28039,Hectare,42193.0,Tonnes,1.50479689
Karnataka,TUMKUR,Arecanut,2001-02,Whole Year,12628,Hectare,15490.0,Tonnes,1.226639214
Karnataka,TUMKUR,Arecanut,2003-04,Whole Year,15459,Hectare,18962.0,Tonnes,1.226599392
Karnataka,UDUPI,Arecanut,2001-02,Whole Year,4877,Hectare,8700.0,Tonnes,1.783883535
Karnataka,UDUPI,Arecanut,2003-04,Whole Year,4954,Hectare,8838.0,Tonnes,1.784012919
Karnataka,UTTAR KANNAD,Arecanut,2001-02,Whole Year,11483,Hectare,15608.0,Tonnes,1.359226683
Karnataka,UTTAR KANNAD,Arecanut,2003-04,Whole Year,12177,Hectare,16552.0,Tonnes,1.359283896
Karnataka,BAGALKOT,Arhar/Tur,2001-02,Kharif,1502,Hectare,925.0,Tonnes,0.615845539
Karnataka,BAGALKOT,Arhar/Tur,2002-03,Kharif,2749,Hectare,1113.0,Tonnes,0.4048745
Karnataka,BAGALKOT,Arhar/Tur,2003-04,Kharif,736,Hectare,40.0,Tonnes,0.054347826
Karnataka,BANGALORE RURAL,Arhar/Tur,2001-02,Kharif,4503,Hectare,2798.0,Tonnes,0.621363535
Karnataka,BANGALORE RURAL,Arhar/Tur,2002-03,Kharif,3136,Hectare,1278.0,Tonnes,0.40752551
Karnataka,BANGALORE RURAL,Arhar/Tur,2003-04,Kharif,4572,Hectare,1842.0,Tonnes,0.402887139
Karnataka,BELGAUM,Arhar/Tur,2001-02,Kharif,3813,Hectare,779.0,Tonnes,0.204301075
Karnataka,BELGAUM,Arhar/Tur,2002-03,Kharif,5200,Hectare,1245.0,Tonnes,0.239423077
Karnataka,BELGAUM,Arhar/Tur,2003-04,Kharif,2346,Hectare,283.0,Tonnes,0.120630861
Karnataka,BELLARY,Arhar/Tur,2001-02,Kharif,5944,Hectare,2451.0,Tonnes,0.412348587
Karnataka,BELLARY,Arhar/Tur,2002-03,Kharif,7906,Hectare,2704.0,Tonnes,0.34201872
Karnataka,BELLARY,Arhar/Tur,2003-04,Kharif,5526,Hectare,1774.0,Tonnes,0.321027868
Karnataka,BENGALURU URBAN,Arhar/Tur,2001-02,Kharif,553,Hectare,169.0,Tonnes,0.305605787
Karnataka,BENGALURU URBAN,Arhar/Tur,2002-03,Kharif,319,Hectare,149.0,Tonnes,0.46708464
Karnataka,BENGALURU URBAN,Arhar/Tur,2003-04,Kharif,843,Hectare,316.0,Tonnes,0.37485172
Karnataka,BIDAR,Arhar/Tur,2001-02,Kharif,64077,Hectare,24349.0,Tonnes,0.379995942
Karnataka,BIDAR,Arhar/Tur,2002-03,Kharif,67313,Hectare,40990.0,Tonnes,0.608946266
Karnataka,BIDAR,Arhar/Tur,2003-04,Kharif,73792,Hectare,31967.0,Tonnes,0.433204141
Karnataka,BIJAPUR,Arhar/Tur,2001-02,Kharif,11863,Hectare,4339.0,Tonnes,0.365759083
Karnataka,BIJAPUR,Arhar/Tur,2002-03,Kharif,18001,Hectare,6037.0,Tonnes,0.335370257
Karnataka,BIJAPUR,Arhar/Tur,2003-04,Kharif,21604,Hectare,5418.0,Tonnes,0.250786891
Karnataka,CHAMARAJANAGAR,Arhar/Tur,2001-02,Kharif,2323,Hectare,466.0,Tonnes,0.200602669
Karnataka,CHAMARAJANAGAR,Arhar/Tur,2002-03,Kharif,2068,Hectare,246.0,Tonnes,0.118955513
Karnataka,CHAMARAJANAGAR,Arhar/Tur,2003-04,Kharif,1459,Hectare,79.0,Tonnes,0.054146676
Karnataka,CHIKMAGALUR,Arhar/Tur,2001-02,Kharif,491,Hectare,150.0,Tonnes,0.305498982
Karnataka,CHIKMAGALUR,Arhar/Tur,2002-03,Kharif,919,Hectare,430.0,Tonnes,0.467899891
Karnataka,CHIKMAGALUR,Arhar/Tur,2003-04,Kharif,487,Hectare,183.0,Tonnes,0.375770021
Karnataka,CHITRADURGA,Arhar/Tur,2001-02,Kharif,7248,Hectare,3642.0,Tonnes,0.502483444
Karnataka,CHITRADURGA,Arhar/Tur,2002-03,Kharif,7458,Hectare,4124.0,Tonnes,0.552963261
Karnataka,CHITRADURGA,Arhar/Tur,2003-04,Kharif,6743,Hectare,1768.0,Tonnes,0.262197835
Karnataka,DAVANGERE,Arhar/Tur,2001-02,Kharif,7871,Hectare,7582.0,Tonnes,0.963282937
Karnataka,DAVANGERE,Arhar/Tur,2002-03,Kharif,6343,Hectare,4827.0,Tonnes,0.760996374
Karnataka,DAVANGERE,Arhar/Tur,2003-04,Kharif,5384,Hectare,2537.0,Tonnes,0.471210996
Karnataka,DHARWAD,Arhar/Tur,2001-02,Kharif,2247,Hectare,378.0,Tonnes,0.168224299
Karnataka,DHARWAD,Arhar/Tur,2002-03,Kharif,2551,Hectare,162.0,Tonnes,0.063504508
Karnataka,DHARWAD,Arhar/Tur,2003-04,Kharif,3004,Hectare,300.0,Tonnes,0.099866844
Karnataka,GADAG,Arhar/Tur,2001-02,Kharif,1521,Hectare,256.0,Tonnes,0.168310322
Karnataka,GADAG,Arhar/Tur,2002-03,Kharif,2480,Hectare,549.0,Tonnes,0.221370968
Karnataka,GADAG,Arhar/Tur,2003-04,Kharif,1338,Hectare,133.0,Tonnes,0.099402093
Karnataka,GULBARGA,Arhar/Tur,2001-02,Kharif,318250,Hectare,81329.0,Tonnes,0.255550668
Karnataka,GULBARGA,Arhar/Tur,2002-03,Kharif,335663,Hectare,161667.0,Tonnes,0.481634854
Karnataka,GULBARGA,Arhar/Tur,2003-04,Kharif,349894,Hectare,136616.0,Tonnes,0.390449679
Karnataka,HASSAN,Arhar/Tur,2001-02,Kharif,2478,Hectare,497.0,Tonnes,0.200564972
Karnataka,HASSAN,Arhar/Tur,2002-03,Kharif,2186,Hectare,359.0,Tonnes,0.164226898
Karnataka,HASSAN,Arhar/Tur,2003-04,Kharif,2155,Hectare,336.0,Tonnes,0.155916473
Karnataka,HAVERI,Arhar/Tur,2001-02,Kharif,6277,Hectare,2815.0,Tonnes,0.448462641
Karnataka,HAVERI,Arhar/Tur,2002-03,Kharif,4803,Hectare,1036.0,Tonnes,0.215698522
Karnataka,HAVERI,Arhar/Tur,2003-04,Kharif,2946,Hectare,523.0,Tonnes,0.177528853
Karnataka,KOLAR,Arhar/Tur,2001-02,Kharif,4702,Hectare,1979.0,Tonnes,0.42088473
Karnataka,KOLAR,Arhar/Tur,2002-03,Kharif,2883,Hectare,852.0,Tonnes,0.295525494
Karnataka,KOLAR,Arhar/Tur,2003-04,Kharif,6078,Hectare,4533.0,Tonnes,0.745804541
Karnataka,KOPPAL,Arhar/Tur,2001-02,Kharif,7572,Hectare,1806.0,Tonnes,0.238510301
Karnataka,KOPPAL,Arhar/Tur,2002-03,Kharif,11252,Hectare,2159.0,Tonnes,0.191877
Karnataka,KOPPAL,Arhar/Tur,2003-04,Kharif,11083,Hectare,1727.0,Tonnes,0.155824235
Karnataka,MANDYA,Arhar/Tur,2001-02,Kharif,647,Hectare,198.0,Tonnes,0.306027821
Karnataka,MANDYA,Arhar/Tur,2002-03,Kharif,704,Hectare,330.0,Tonnes,0.46875
Karnataka,MANDYA,Arhar/Tur,2003-04,Kharif,649,Hectare,244.0,Tonnes,0.37596302
Karnataka,MYSORE,Arhar/Tur,2001-02,Kharif,4394,Hectare,2651.0,Tonnes,0.603322713
Karnataka,MYSORE,Arhar/Tur,2002-03,Kharif,6267,Hectare,2697.0,Tonnes,0.43034945
Karnataka,MYSORE,Arhar/Tur,2003-04,Kharif,3601,Hectare,2111.0,Tonnes,0.586226048
Karnataka,RAICHUR,Arhar/Tur,2001-02,Kharif,13450,Hectare,2581.0,Tonnes,0.191895911
Karnataka,RAICHUR,Arhar/Tur,2002-03,Kharif,12569,Hectare,3403.0,Tonnes,0.270745485
Karnataka,RAICHUR,Arhar/Tur,2003-04,Kharif,17478,Hectare,3719.0,Tonnes,0.212781783
Karnataka,SHIMOGA,Arhar/Tur,2001-02,Kharif,721,Hectare,221.0,Tonnes,0.306518724
Karnataka,SHIMOGA,Arhar/Tur,2002-03,Kharif,575,Hectare,269.0,Tonnes,0.467826087
Karnataka,SHIMOGA,Arhar/Tur,2003-04,Kharif,590,Hectare,221.0,Tonnes,0.374576271
Karnataka,TUMKUR,Arhar/Tur,2001-02,Kharif,9512,Hectare,5033.0,Tonnes,0.52912111
Karnataka,TUMKUR,Arhar/Tur,2002-03,Kharif,10208,Hectare,3947.0,Tonnes,0.386657524
Karnataka,TUMKUR,Arhar/Tur,2003-04,Kharif,9806,Hectare,2906.0,Tonnes,0.296349174
Karnataka,UTTAR KANNAD,Arhar/Tur,2001-02,Kharif,141,Hectare,43.0,Tonnes,0.304964539
Karnataka,UTTAR KANNAD,Arhar/Tur,2002-03,Kharif,196,Hectare,92.0,Tonnes,0.469387755
Karnataka,UTTAR KANNAD,Arhar/Tur,2003-04,Kharif,137,Hectare,51.0,Tonnes,0.372262774
Karnataka,BAGALKOT,Bajra,2001-02,Kharif,15169,Hectare,11519.0,Tonnes,0.759377678
Karnataka,BAGALKOT,Bajra,2002-03,Kharif,24007,Hectare,7171.0,Tonnes,0.298704545
Karnataka,BAGALKOT,Bajra,2003-04,Kharif,15454,Hectare,8153.0,Tonnes,0.527565679
Karnataka,BELGAUM,Bajra,2001-02,Kharif,11314,Hectare,3171.0,Tonnes,0.280272229
Karnataka,BELGAUM,Bajra,2002-03,Kharif,20990,Hectare,2820.0,Tonnes,0.13434969
Karnataka,BELGAUM,Bajra,2003-04,Kharif,5925,Hectare,1062.0,Tonnes,0.179240506
Karnataka,BELLARY,Bajra,2001-02,Kharif,16332,Hectare,12464.0,Tonnes,0.76316434
Karnataka,BELLARY,Bajra,2001-02,Rabi,207,Hectare,105.0,Tonnes,0.507246377
Karnataka,BELLARY,Bajra,2001-02,Summer,850,Hectare,929.0,Tonnes,1.092941176
Karnataka,BELLARY,Bajra,2002-03,Kharif,13560,Hectare,6488.0,Tonnes,0.478466077
Karnataka,BELLARY,Bajra,2002-03,Rabi,271,Hectare,215.0,Tonnes,0.793357934
Karnataka,BELLARY,Bajra,2002-03,Summer,377,Hectare,322.0,Tonnes,0.854111406
Karnataka,BELLARY,Bajra,2003-04,Kharif,25949,Hectare,17480.0,Tonnes,0.673629042
Karnataka,BELLARY,Bajra,2003-04,Rabi,117,Hectare,105.0,Tonnes,0.897435897
Karnataka,BELLARY,Bajra,2003-04,Summer,277,Hectare,250.0,Tonnes,0.902527076
Karnataka,BIDAR,Bajra,2001-02,Kharif,8672,Hectare,5038.0,Tonnes,0.580950185
Karnataka,BIDAR,Bajra,2002-03,Kharif,8364,Hectare,6234.0,Tonnes,0.745337159
Karnataka,BIDAR,Bajra,2003-04,Kharif,10039,Hectare,9804.0,Tonnes,0.976591294
Karnataka,BIJAPUR,Bajra,2001-02,Kharif,10298,Hectare,5437.0,Tonnes,0.527966596
Karnataka,BIJAPUR,Bajra,2002-03,Kharif,55607,Hectare,22679.0,Tonnes,0.407844336
Karnataka,BIJAPUR,Bajra,2003-04,Kharif,36571,Hectare,21145.0,Tonnes,0.578190369
Karnataka,CHAMARAJANAGAR,Bajra,2001-02,Kharif,323,Hectare,160.0,Tonnes,0.495356037
Karnataka,CHAMARAJANAGAR,Bajra,2002-03,Kharif,572,Hectare,377.0,Tonnes,0.659090909
Karnataka,CHAMARAJANAGAR,Bajra,2003-04,Kharif,241,Hectare,160.0,Tonnes,0.663900415
Karnataka,CHITRADURGA,Bajra,2001-02,Kharif,3376,Hectare,1583.0,Tonnes,0.468898104
Karnataka,CHITRADURGA,Bajra,2002-03,Kharif,3557,Hectare,2254.0,Tonnes,0.633680068
Karnataka,CHITRADURGA,Bajra,2003-04,Kharif,3139,Hectare,1212.0,Tonnes,0.386110226
Karnataka,CHITRADURGA,Bajra,2003-04,Summer,7,Hectare,6.0,Tonnes,0.857142857
Karnataka,DAVANGERE,Bajra,2001-02,Kharif,517,Hectare,220.0,Tonnes,0.425531915
Karnataka,DAVANGERE,Bajra,2002-03,Kharif,405,Hectare,142.0,Tonnes,0.350617284
Karnataka,DAVANGERE,Bajra,2003-04,Kharif,905,Hectare,544.0,Tonnes,0.601104972
Karnataka,GADAG,Bajra,2001-02,Kharif,2032,Hectare,1084.0,Tonnes,0.533464567
Karnataka,GADAG,Bajra,2002-03,Kharif,1395,Hectare,811.0,Tonnes,0.581362007
Karnataka,GADAG,Bajra,2003-04,Kharif,1498,Hectare,693.0,Tonnes,0.462616822
Karnataka,GULBARGA,Bajra,2001-02,Kharif,59717,Hectare,41750.0,Tonnes,0.699130901
Karnataka,GULBARGA,Bajra,2002-03,Kharif,60130,Hectare,45774.0,Tonnes,0.761250624
Karnataka,GULBARGA,Bajra,2003-04,Kharif,72378,Hectare,52136.0,Tonnes,0.720329382
Karnataka,HAVERI,Bajra,2001-02,Kharif,344,Hectare,172.0,Tonnes,0.5
Karnataka,HAVERI,Bajra,2002-03,Kharif,433,Hectare,157.0,Tonnes,0.362586605
Karnataka,HAVERI,Bajra,2003-04,Kharif,43,Hectare,25.0,Tonnes,0.581395349
Karnataka,KOLAR,Bajra,2002-03,Kharif,378,Hectare,138.0,Tonnes,0.365079365
Karnataka,KOLAR,Bajra,2003-04,Kharif,31,Hectare,9.0,Tonnes,0.290322581
Karnataka,KOPPAL,Bajra,2001-02,Kharif,38041,Hectare,15489.0,Tonnes,0.407165953
Karnataka,KOPPAL,Bajra,2001-02,Rabi,235,Hectare,116.0,Tonnes,0.493617021
Karnataka,KOPPAL,Bajra,2002-03,Kharif,50604,Hectare,5960.0,Tonnes,0.117777251
Karnataka,KOPPAL,Bajra,2002-03,Summer,65,Hectare,59.0,Tonnes,0.907692308
Karnataka,KOPPAL,Bajra,2003-04,Kharif,76296,Hectare,48590.0,Tonnes,0.636861697
Karnataka,KOPPAL,Bajra,2003-04,Summer,2,Hectare,2.0,Tonnes,1.0
Karnataka,RAICHUR,Bajra,2001-02,Kharif,41821,Hectare,12900.0,Tonnes,0.308457474
Karnataka,RAICHUR,Bajra,2002-03,Kharif,63588,Hectare,18369.0,Tonnes,0.28887526
Karnataka,RAICHUR,Bajra,2003-04,Kharif,69550,Hectare,29978.0,Tonnes,0.431028037
Karnataka,RAICHUR,Bajra,2003-04,Summer,14,Hectare,13.0,Tonnes,0.928571429
Karnataka,SHIMOGA,Bajra,2001-02,Kharif,4,Hectare,2.0,Tonnes,0.5
Karnataka,SHIMOGA,Bajra,2002-03,Kharif,34,Hectare,12.0,Tonnes,0.352941177
Karnataka,TUMKUR,Bajra,2001-02,Kharif,253,Hectare,102.0,Tonnes,0.403162055
Karnataka,TUMKUR,Bajra,2002-03,Kharif,244,Hectare,89.0,Tonnes,0.364754098
Karnataka,TUMKUR,Bajra,2003-04,Kharif,309,Hectare,88.0,Tonnes,0.284789644
Karnataka,BAGALKOT,Banana,2002-03,Whole Year,466,Hectare,7118.0,Tonnes,15.27467811
Karnataka,BAGALKOT,Banana,2003-04,Whole Year,434,Hectare,7423.0,Tonnes,17.10368664
Karnataka,BANGALORE RURAL,Banana,2002-03,Whole Year,2046,Hectare,25082.0,Tonnes,12.25904203
Karnataka,BANGALORE RURAL,Banana,2003-04,Whole Year,1910,Hectare,21873.0,Tonnes,11.45183246
Karnataka,BELGAUM,Banana,2002-03,Whole Year,1198,Hectare,17373.0,Tonnes,14.50166945
Karnataka,BELGAUM,Banana,2003-04,Whole Year,662,Hectare,14299.0,Tonnes,21.59969789
Karnataka,BELLARY,Banana,2002-03,Whole Year,2087,Hectare,51609.0,Tonnes,24.72879732
Karnataka,BELLARY,Banana,2003-04,Whole Year,2483,Hectare,47400.0,Tonnes,19.08981071
Karnataka,BENGALURU URBAN,Banana,2002-03,Whole Year,345,Hectare,7631.0,Tonnes,22.11884058
Karnataka,BENGALURU URBAN,Banana,2003-04,Whole Year,314,Hectare,6121.0,Tonnes,19.49363057
Karnataka,BIDAR,Banana,2002-03,Whole Year,249,Hectare,2846.0,Tonnes,11.42971888
Karnataka,BIDAR,Banana,2003-04,Whole Year,189,Hectare,3500.0,Tonnes,18.51851852
Karnataka,BIJAPUR,Banana,2002-03,Whole Year,1512,Hectare,28318.0,Tonnes,18.72883598
Karnataka,BIJAPUR,Banana,2003-04,Whole Year,1868,Hectare,30768.0,Tonnes,16.47109208
Karnataka,CHAMARAJANAGAR,Banana,2002-03,Whole Year,1878,Hectare,38490.0,Tonnes,20.49520767
Karnataka,CHAMARAJANAGAR,Banana,2003-04,Whole Year,3110,Hectare,37818.0,Tonnes,12.16012862
Karnataka,CHIKMAGALUR,Banana,2002-03,Whole Year,2241,Hectare,25337.0,Tonnes,11.30611334
Karnataka,CHIKMAGALUR,Banana,2003-04,Whole Year,1320,Hectare,5951.0,Tonnes,4.508333333
Karnataka,CHITRADURGA,Banana,2002-03,Whole Year,3199,Hectare,49719.0,Tonnes,15.54204439
Karnataka,CHITRADURGA,Banana,2003-04,Whole Year,972,Hectare,35307.0,Tonnes,36.32407407
Karnataka,DAKSHIN KANNAD,Banana,2002-03,Whole Year,3495,Hectare,71931.0,Tonnes,20.58111588
Karnataka,DAKSHIN KANNAD,Banana,2003-04,Whole Year,4494,Hectare,38783.0,Tonnes,8.629951046
Karnataka,DAVANGERE,Banana,2002-03,Whole Year,1355,Hectare,21367.0,Tonnes,15.76900369
Karnataka,DAVANGERE,Banana,2003-04,Whole Year,222,Hectare,5529.0,Tonnes,24.90540541
Karnataka,DHARWAD,Banana,2002-03,Whole Year,113,Hectare,1935.0,Tonnes,17.12389381
Karnataka,DHARWAD,Banana,2003-04,Whole Year,129,Hectare,1675.0,Tonnes,12.98449612
Karnataka,GADAG,Banana,2002-03,Whole Year,183,Hectare,3133.0,Tonnes,17.12021858
Karnataka,GADAG,Banana,2003-04,Whole Year,269,Hectare,3494.0,Tonnes,12.98884758
Karnataka,GULBARGA,Banana,2002-03,Whole Year,2126,Hectare,50652.0,Tonnes,23.82502352
Karnataka,GULBARGA,Banana,2003-04,Whole Year,948,Hectare,10061.0,Tonnes,10.6128692
Karnataka,HASSAN,Banana,2002-03,Whole Year,2444,Hectare,41169.0,Tonnes,16.84492635
Karnataka,HASSAN,Banana,2003-04,Whole Year,1469,Hectare,8367.0,Tonnes,5.695711368
Karnataka,HAVERI,Banana,2002-03,Whole Year,1501,Hectare,38304.0,Tonnes,25.51898734
Karnataka,HAVERI,Banana,2003-04,Whole Year,862,Hectare,35231.0,Tonnes,40.8712297
Karnataka,KODAGU,Banana,2002-03,Whole Year,613,Hectare,8188.0,Tonnes,13.35725938
Karnataka,KODAGU,Banana,2003-04,Whole Year,164,Hectare,510.0,Tonnes,3.109756098
Karnataka,KOLAR,Banana,2002-03,Whole Year,1096,Hectare,14701.0,Tonnes,13.41332117
Karnataka,KOLAR,Banana,2003-04,Whole Year,1366,Hectare,42123.0,Tonnes,30.83674963
Karnataka,KOPPAL,Banana,2002-03,Whole Year,497,Hectare,8510.0,Tonnes,17.12273642
Karnataka,KOPPAL,Banana,2003-04,Whole Year,363,Hectare,271.0,Tonnes,0.746556474
Karnataka,MANDYA,Banana,2002-03,Whole Year,1463,Hectare,23642.0,Tonnes,16.15994532
Karnataka,MANDYA,Banana,2003-04,Whole Year,752,Hectare,9569.0,Tonnes,12.72473404
Karnataka,MYSORE,Banana,2002-03,Whole Year,1579,Hectare,32041.0,Tonnes,20.29195693
Karnataka,MYSORE,Banana,2003-04,Whole Year,2085,Hectare,27931.0,Tonnes,13.39616307
Karnataka,RAICHUR,Banana,2002-03,Whole Year,36,Hectare,616.0,Tonnes,17.11111111
Karnataka,RAICHUR,Banana,2003-04,Whole Year,25,Hectare,325.0,Tonnes,13.0
Karnataka,SHIMOGA,Banana,2002-03,Whole Year,3044,Hectare,39788.0,Tonnes,13.07095926
Karnataka,SHIMOGA,Banana,2003-04,Whole Year,602,Hectare,2239.0,Tonnes,3.719269103
Karnataka,TUMKUR,Banana,2002-03,Whole Year,2348,Hectare,29662.0,Tonnes,12.63287905
Karnataka,TUMKUR,Banana,2003-04,Whole Year,2039,Hectare,27210.0,Tonnes,13.34477685
Karnataka,UDUPI,Banana,2002-03,Whole Year,1086,Hectare,17924.0,Tonnes,16.50460405
Karnataka,UDUPI,Banana,2003-04,Whole Year,2350,Hectare,5866.0,Tonnes,2.496170213
Karnataka,UTTAR KANNAD,Banana,2002-03,Whole Year,1613,Hectare,24577.0,Tonnes,15.23682579
Karnataka,UTTAR KANNAD,Banana,2003-04,Whole Year,1819,Hectare,1819.0,Tonnes,1.0
Karnataka,BANGALORE RURAL,Black pepper,2001-02,Whole Year,5,Hectare,12.0,Tonnes,2.4
Karnataka,BANGALORE RURAL,Black pepper,2002-03,Whole Year,2,Hectare,5.0,Tonnes,2.5
Karnataka,BANGALORE RURAL,Black pepper,2003-04,Whole Year,3,Hectare,7.0,Tonnes,2.333333333
Karnataka,CHIKMAGALUR,Black pepper,2001-02,Whole Year,1570,Hectare,1725.0,Tonnes,1.098726115
Karnataka,CHIKMAGALUR,Black pepper,2002-03,Whole Year,1664,Hectare,1829.0,Tonnes,1.099158654
Karnataka,CHIKMAGALUR,Black pepper,2003-04,Whole Year,1761,Hectare,1935.0,Tonnes,1.098807496
Karnataka,DAKSHIN KANNAD,Black pepper,2001-02,Whole Year,1930,Hectare,4471.0,Tonnes,2.316580311
Karnataka,DAKSHIN KANNAD,Black pepper,2002-03,Whole Year,1945,Hectare,4506.0,Tonnes,2.316709512
Karnataka,DAKSHIN KANNAD,Black pepper,2003-04,Whole Year,1973,Hectare,4571.0,Tonnes,2.316776483
Karnataka,DAVANGERE,Black pepper,2001-02,Whole Year,19,Hectare,45.0,Tonnes,2.368421053
Karnataka,DAVANGERE,Black pepper,2002-03,Whole Year,1,Hectare,2.0,Tonnes,2.0
Karnataka,DAVANGERE,Black pepper,2003-04,Whole Year,1,Hectare,2.0,Tonnes,2.0
Karnataka,GULBARGA,Black pepper,2001-02,Whole Year,1,Hectare,2.0,Tonnes,2.0
Karnataka,GULBARGA,Black pepper,2002-03,Whole Year,1,Hectare,2.0,Tonnes,2.0
Karnataka,HASSAN,Black pepper,2001-02,Whole Year,802,Hectare,881.0,Tonnes,1.098503741
Karnataka,HASSAN,Black pepper,2002-03,Whole Year,1293,Hectare,1421.0,Tonnes,1.098994586
Karnataka,HASSAN,Black pepper,2003-04,Whole Year,1432,Hectare,1574.0,Tonnes,1.099162011
Karnataka,KODAGU,Black pepper,2001-02,Whole Year,4112,Hectare,11683.0,Tonnes,2.841196498
Karnataka,KODAGU,Black pepper,2002-03,Whole Year,4167,Hectare,11840.0,Tonnes,2.84137269
Karnataka,KODAGU,Black pepper,2003-04,Whole Year,4210,Hectare,11962.0,Tonnes,2.841330166
Karnataka,MANDYA,Black pepper,2001-02,Whole Year,4,Hectare,10.0,Tonnes,2.5
Karnataka,MANDYA,Black pepper,2002-03,Whole Year,2,Hectare,5.0,Tonnes,2.5
Karnataka,MANDYA,Black pepper,2003-04,Whole Year,2,Hectare,5.0,Tonnes,2.5
Karnataka,MYSORE,Black pepper,2001-02,Whole Year,20,Hectare,51.0,Tonnes,2.55
Karnataka,MYSORE,Black pepper,2002-03,Whole Year,124,Hectare,317.0,Tonnes,2.556451613
Karnataka,MYSORE,Black pepper,2003-04,Whole Year,25,Hectare,64.0,Tonnes,2.56
Karnataka,SHIMOGA,Black pepper,2001-02,Whole Year,818,Hectare,2316.0,Tonnes,2.831295844
Karnataka,SHIMOGA,Black pepper,2002-03,Whole Year,814,Hectare,2305.0,Tonnes,2.831695332
Karnataka,SHIMOGA,Black pepper,2003-04,Whole Year,853,Hectare,2415.0,Tonnes,2.831184056
Karnataka,TUMKUR,Black pepper,2001-02,Whole Year,1,Hectare,2.0,Tonnes,2.0
Karnataka,TUMKUR,Black pepper,2002-03,Whole Year,8,Hectare,18.0,Tonnes,2.25
Karnataka,TUMKUR,Black pepper,2003-04,Whole Year,10,Hectare,23.0,Tonnes,2.3
Karnataka,UDUPI,Black pepper,2001-02,Whole Year,258,Hectare,598.0,Tonnes,2.317829457
Karnataka,UDUPI,Black pepper,2002-03,Whole Year,259,Hectare,600.0,Tonnes,2.316602317
Karnataka,UDUPI,Black pepper,2003-04,Whole Year,260,Hectare,602.0,Tonnes,2.315384615
Karnataka,UTTAR KANNAD,Black pepper,2001-02,Whole Year,159,Hectare,389.0,Tonnes,2.446540881
Karnataka,UTTAR KANNAD,Black pepper,2002-03,Whole Year,134,Hectare,328.0,Tonnes,2.447761194
Karnataka,UTTAR KANNAD,Black pepper,2003-04,Whole Year,164,Hectare,401.0,Tonnes,2.445121951
Karnataka,CHAMARAJANAGAR,Cardamom,2002-03,Whole Year,13,Hectare,1.0,Tonnes,0.076923077
Karnataka,CHAMARAJANAGAR,Cardamom,2003-04,Whole Year,14,Hectare,1.0,Tonnes,0.071428571
Karnataka,CHIKMAGALUR,Cardamom,2002-03,Whole Year,2872,Hectare,176.0,Tonnes,0.061281337
Karnataka,CHIKMAGALUR,Cardamom,2003-04,Whole Year,2917,Hectare,179.0,Tonnes,0.061364416
Karnataka,DAKSHIN KANNAD,Cardamom,2002-03,Whole Year,172,Hectare,8.0,Tonnes,0.046511628
Karnataka,DAKSHIN KANNAD,Cardamom,2003-04,Whole Year,173,Hectare,8.0,Tonnes,0.046242775
Karnataka,HASSAN,Cardamom,2002-03,Whole Year,7443,Hectare,361.0,Tonnes,0.048501948
Karnataka,HASSAN,Cardamom,2003-04,Whole Year,7489,Hectare,363.0,Tonnes,0.048471091
Karnataka,KODAGU,Cardamom,2002-03,Whole Year,8170,Hectare,510.0,Tonnes,0.062423501
Karnataka,KODAGU,Cardamom,2003-04,Whole Year,8165,Hectare,509.0,Tonnes,0.062339253
Karnataka,SHIMOGA,Cardamom,2002-03,Whole Year,284,Hectare,22.0,Tonnes,0.077464789
Karnataka,SHIMOGA,Cardamom,2003-04,Whole Year,272,Hectare,21.0,Tonnes,0.077205882
Karnataka,UTTAR KANNAD,Cardamom,2002-03,Whole Year,451,Hectare,25.0,Tonnes,0.055432373
Karnataka,UTTAR KANNAD,Cardamom,2003-04,Whole Year,450,Hectare,25.0,Tonnes,0.055555556
Karnataka,BAGALKOT,Castor seed,2001-02,Kharif,19,Hectare,14.0,Tonnes,0.736842105
Karnataka,BAGALKOT,Castor seed,2002-03,Kharif,10,Hectare,9.0,Tonnes,0.9
Karnataka,BAGALKOT,Castor seed,2003-04,Kharif,1,Hectare,1.0,Tonnes,1.0
Karnataka,BANGALORE RURAL,Castor seed,2001-02,Kharif,2931,Hectare,4967.0,Tonnes,1.694643466
Karnataka,BANGALORE RURAL,Castor seed,2002-03,Kharif,1622,Hectare,4364.0,Tonnes,2.690505549
Karnataka,BANGALORE RURAL,Castor seed,2003-04,Kharif,2049,Hectare,6813.0,Tonnes,3.325036603
Karnataka,BELGAUM,Castor seed,2001-02,Kharif,347,Hectare,257.0,Tonnes,0.740634006
Karnataka,BELGAUM,Castor seed,2002-03,Kharif,295,Hectare,139.0,Tonnes,0.471186441
Karnataka,BELGAUM,Castor seed,2003-04,Kharif,121,Hectare,109.0,Tonnes,0.900826446
Karnataka,BELLARY,Castor seed,2001-02,Kharif,620,Hectare,459.0,Tonnes,0.740322581
Karnataka,BELLARY,Castor seed,2002-03,Kharif,326,Hectare,301.0,Tonnes,0.923312883
Karnataka,BELLARY,Castor seed,2003-04,Kharif,166,Hectare,149.0,Tonnes,0.897590361
Karnataka,BENGALURU URBAN,Castor seed,2001-02,Kharif,465,Hectare,344.0,Tonnes,0.739784946
Karnataka,BENGALURU URBAN,Castor seed,2002-03,Kharif,308,Hectare,284.0,Tonnes,0.922077922
Karnataka,BENGALURU URBAN,Castor seed,2003-04,Kharif,399,Hectare,358.0,Tonnes,0.897243108
Karnataka,BIJAPUR,Castor seed,2002-03,Kharif,24,Hectare,22.0,Tonnes,0.916666667
Karnataka,BIJAPUR,Castor seed,2003-04,Kharif,6,Hectare,5.0,Tonnes,0.833333333
Karnataka,CHAMARAJANAGAR,Castor seed,2001-02,Kharif,778,Hectare,576.0,Tonnes,0.740359897
Karnataka,CHAMARAJANAGAR,Castor seed,2002-03,Kharif,836,Hectare,772.0,Tonnes,0.923444976
Karnataka,CHAMARAJANAGAR,Castor seed,2003-04,Kharif,540,Hectare,484.0,Tonnes,0.896296296
Karnataka,CHIKMAGALUR,Castor seed,2001-02,Kharif,738,Hectare,496.0,Tonnes,0.672086721
Karnataka,CHIKMAGALUR,Castor seed,2002-03,Kharif,694,Hectare,641.0,Tonnes,0.923631124
Karnataka,CHIKMAGALUR,Castor seed,2003-04,Kharif,743,Hectare,666.0,Tonnes,0.896366083
Karnataka,CHITRADURGA,Castor seed,2001-02,Kharif,1838,Hectare,1234.0,Tonnes,0.671381937
Karnataka,CHITRADURGA,Castor seed,2002-03,Kharif,1478,Hectare,2334.0,Tonnes,1.579161028
Karnataka,CHITRADURGA,Castor seed,2003-04,Kharif,1085,Hectare,1068.0,Tonnes,0.984331797
Karnataka,DAVANGERE,Castor seed,2001-02,Kharif,349,Hectare,258.0,Tonnes,0.739255014
Karnataka,DAVANGERE,Castor seed,2002-03,Kharif,237,Hectare,219.0,Tonnes,0.924050633
Karnataka,DAVANGERE,Castor seed,2003-04,Kharif,225,Hectare,202.0,Tonnes,0.897777778
Karnataka,GADAG,Castor seed,2001-02,Kharif,117,Hectare,87.0,Tonnes,0.743589744
Karnataka,GADAG,Castor seed,2002-03,Kharif,58,Hectare,54.0,Tonnes,0.931034483
Karnataka,GADAG,Castor seed,2003-04,Kharif,100,Hectare,90.0,Tonnes,0.9
Karnataka,GULBARGA,Castor seed,2001-02,Kharif,65,Hectare,48.0,Tonnes,0.738461539
Karnataka,GULBARGA,Castor seed,2002-03,Kharif,32,Hectare,30.0,Tonnes,0.9375
Karnataka,GULBARGA,Castor seed,2003-04,Kharif,54,Hectare,48.0,Tonnes,0.888888889
Karnataka,HASSAN,Castor seed,2001-02,Kharif,3711,Hectare,1685.0,Tonnes,0.454055511
Karnataka,HASSAN,Castor seed,2002-03,Kharif,2040,Hectare,802.0,Tonnes,0.393137255
Karnataka,HASSAN,Castor seed,2003-04,Kharif,2548,Hectare,663.0,Tonnes,0.260204082
Karnataka,HAVERI,Castor seed,2001-02,Kharif,262,Hectare,194.0,Tonnes,0.740458015
Karnataka,HAVERI,Castor seed,2002-03,Kharif,100,Hectare,92.0,Tonnes,0.92
Karnataka,HAVERI,Castor seed,2003-04,Kharif,43,Hectare,39.0,Tonnes,0.906976744
Karnataka,KOLAR,Castor seed,2001-02,Kharif,124,Hectare,92.0,Tonnes,0.741935484
Karnataka,KOLAR,Castor seed,2002-03,Kharif,140,Hectare,129.0,Tonnes,0.921428571
Karnataka,KOLAR,Castor seed,2003-04,Kharif,671,Hectare,602.0,Tonnes,0.897168405
Karnataka,KOPPAL,Castor seed,2001-02,Kharif,1180,Hectare,444.0,Tonnes,0.376271186
Karnataka,KOPPAL,Castor seed,2002-03,Kharif,1238,Hectare,582.0,Tonnes,0.470113086
Karnataka,KOPPAL,Castor seed,2003-04,Kharif,1430,Hectare,1027.0,Tonnes,0.718181818
Karnataka,MANDYA,Castor seed,2001-02,Kharif,807,Hectare,383.0,Tonnes,0.474597274
Karnataka,MANDYA,Castor seed,2002-03,Kharif,574,Hectare,245.0,Tonnes,0.426829268
Karnataka,MANDYA,Castor seed,2003-04,Kharif,891,Hectare,799.0,Tonnes,0.89674523
Karnataka,MYSORE,Castor seed,2001-02,Kharif,2301,Hectare,1091.0,Tonnes,0.474141678
Karnataka,MYSORE,Castor seed,2002-03,Kharif,3021,Hectare,1289.0,Tonnes,0.426679907
Karnataka,MYSORE,Castor seed,2003-04,Kharif,1863,Hectare,699.0,Tonnes,0.375201288
Karnataka,RAICHUR,Castor seed,2001-02,Kharif,1076,Hectare,405.0,Tonnes,0.376394052
Karnataka,RAICHUR,Castor seed,2002-03,Kharif,429,Hectare,140.0,Tonnes,0.326340326
Karnataka,RAICHUR,Castor seed,2003-04,Kharif,1165,Hectare,437.0,Tonnes,0.375107296
Karnataka,SHIMOGA,Castor seed,2001-02,Kharif,108,Hectare,80.0,Tonnes,0.740740741
Karnataka,SHIMOGA,Castor seed,2002-03,Kharif,60,Hectare,55.0,Tonnes,0.916666667
Karnataka,SHIMOGA,Castor seed,2003-04,Kharif,34,Hectare,30.0,Tonnes,0.882352941
Karnataka,TUMKUR,Castor seed,2001-02,Kharif,3963,Hectare,3023.0,Tonnes,0.762805955
Karnataka,TUMKUR,Castor seed,2002-03,Kharif,3469,Hectare,3190.0,Tonnes,0.919573364
Karnataka,TUMKUR,Castor seed,2003-04,Kharif,3080,Hectare,1150.0,Tonnes,0.373376623
Karnataka,BAGALKOT,Coconut,2001-02,Whole Year,1142,Hectare,5456000.0,Nuts,4777.583187
Karnataka,BAGALKOT,Coconut,2002-03,Whole Year,877,Hectare,4190000.0,Nuts,4777.651083
Karnataka,BAGALKOT,Coconut,2003-04,Whole Year,600,Hectare,2867000.0,Nuts,4778.333333
Karnataka,BANGALORE RURAL,Coconut,2001-02,Whole Year,21948,Hectare,78614000.0,Nuts,3581.829779
Karnataka,BANGALORE RURAL,Coconut,2002-03,Whole Year,21426,Hectare,76744000.0,Nuts,3581.816485
Karnataka,BANGALORE RURAL,Coconut,2003-04,Whole Year,20131,Hectare,72106000.0,Nuts,3581.838955
Karnataka,BELGAUM,Coconut,2001-02,Whole Year,200,Hectare,861000.0,Nuts,4305.0
Karnataka,BELGAUM,Coconut,2002-03,Whole Year,216,Hectare,930000.0,Nuts,4305.555556
Karnataka,BELGAUM,Coconut,2003-04,Whole Year,584,Hectare,2516000.0,Nuts,4308.219178
Karnataka,BELLARY,Coconut,2001-02,Whole Year,1264,Hectare,6035000.0,Nuts,4774.525316
Karnataka,BELLARY,Coconut,2002-03,Whole Year,1565,Hectare,7473000.0,Nuts,4775.079872
Karnataka,BELLARY,Coconut,2003-04,Whole Year,1312,Hectare,6264000.0,Nuts,4774.390244
Karnataka,BENGALURU URBAN,Coconut,2001-02,Whole Year,1959,Hectare,7017000.0,Nuts,3581.929556
Karnataka,BENGALURU URBAN,Coconut,2002-03,Whole Year,2008,Hectare,7192000.0,Nuts,3581.673307
Karnataka,BENGALURU URBAN,Coconut,2003-04,Whole Year,2565,Hectare,9187000.0,Nuts,3581.676413
Karnataka,BIDAR,Coconut,2001-02,Whole Year,27,Hectare,129000.0,Nuts,4777.777778
Karnataka,BIDAR,Coconut,2002-03,Whole Year,23,Hectare,110000.0,Nuts,4782.608696
Karnataka,BIDAR,Coconut,2003-04,Whole Year,23,Hectare,110000.0,Nuts,4782.608696
Karnataka,BIJAPUR,Coconut,2001-02,Whole Year,413,Hectare,1973000.0,Nuts,4777.239709
Karnataka,BIJAPUR,Coconut,2002-03,Whole Year,175,Hectare,836000.0,Nuts,4777.142857
Karnataka,BIJAPUR,Coconut,2003-04,Whole Year,206,Hectare,984000.0,Nuts,4776.699029
Karnataka,CHAMARAJANAGAR,Coconut,2001-02,Whole Year,7369,Hectare,19683000.0,Nuts,2671.054417
Karnataka,CHAMARAJANAGAR,Coconut,2002-03,Whole Year,7599,Hectare,20297000.0,Nuts,2671.009343
Karnataka,CHAMARAJANAGAR,Coconut,2003-04,Whole Year,7613,Hectare,20334000.0,Nuts,2670.957573
Karnataka,CHIKMAGALUR,Coconut,2001-02,Whole Year,31070,Hectare,58750000.0,Nuts,1890.891535
Karnataka,CHIKMAGALUR,Coconut,2002-03,Whole Year,31114,Hectare,58833000.0,Nuts,1890.885132
Karnataka,CHIKMAGALUR,Coconut,2003-04,Whole Year,31177,Hectare,58953000.0,Nuts,1890.913173
Karnataka,CHITRADURGA,Coconut,2001-02,Whole Year,39311,Hectare,172562000.0,Nuts,4389.661927
Karnataka,CHITRADURGA,Coconut,2002-03,Whole Year,39618,Hectare,173910000.0,Nuts,4389.671362
Karnataka,CHITRADURGA,Coconut,2003-04,Whole Year,43254,Hectare,189870000.0,Nuts,4389.651824
Karnataka,DAKSHIN KANNAD,Coconut,2001-02,Whole Year,15437,Hectare,65899000.0,Nuts,4268.899398
Karnataka,DAKSHIN KANNAD,Coconut,2002-03,Whole Year,15608,Hectare,66629000.0,Nuts,4268.900564
Karnataka,DAKSHIN KANNAD,Coconut,2003-04,Whole Year,15652,Hectare,66817000.0,Nuts,4268.911321
Karnataka,DAVANGERE,Coconut,2001-02,Whole Year,13116,Hectare,57575000.0,Nuts,4389.676731
Karnataka,DAVANGERE,Coconut,2002-03,Whole Year,13257,Hectare,58194000.0,Nuts,4389.680923
Karnataka,DAVANGERE,Coconut,2003-04,Whole Year,13051,Hectare,57289000.0,Nuts,4389.625316
Karnataka,DHARWAD,Coconut,2001-02,Whole Year,415,Hectare,1982000.0,Nuts,4775.903614
Karnataka,DHARWAD,Coconut,2002-03,Whole Year,418,Hectare,1996000.0,Nuts,4775.119617
Karnataka,DHARWAD,Coconut,2003-04,Whole Year,437,Hectare,2087000.0,Nuts,4775.743707
Karnataka,GADAG,Coconut,2001-02,Whole Year,391,Hectare,1867000.0,Nuts,4774.936061
Karnataka,GADAG,Coconut,2002-03,Whole Year,419,Hectare,2001000.0,Nuts,4775.656325
Karnataka,GADAG,Coconut,2003-04,Whole Year,522,Hectare,2492000.0,Nuts,4773.94636
Karnataka,GULBARGA,Coconut,2001-02,Whole Year,866,Hectare,4357000.0,Nuts,5031.177829
Karnataka,GULBARGA,Coconut,2002-03,Whole Year,872,Hectare,4387000.0,Nuts,5030.963303
Karnataka,GULBARGA,Coconut,2003-04,Whole Year,757,Hectare,3809000.0,Nuts,5031.704095
Karnataka,HASSAN,Coconut,2001-02,Whole Year,55056,Hectare,228596000.0,Nuts,4152.063354
Karnataka,HASSAN,Coconut,2002-03,Whole Year,57885,Hectare,240342000.0,Nuts,4152.060119
Karnataka,HASSAN,Coconut,2003-04,Whole Year,60075,Hectare,249435000.0,Nuts,4152.059925
Karnataka,HAVERI,Coconut,2001-02,Whole Year,1297,Hectare,6193000.0,Nuts,4774.865073
Karnataka,HAVERI,Coconut,2002-03,Whole Year,1852,Hectare,8843000.0,Nuts,4774.838013
Karnataka,HAVERI,Coconut,2003-04,Whole Year,1229,Hectare,5868000.0,Nuts,4774.613507
Karnataka,KODAGU,Coconut,2001-02,Whole Year,1338,Hectare,6393000.0,Nuts,4778.026906
Karnataka,KODAGU,Coconut,2002-03,Whole Year,1285,Hectare,6139000.0,Nuts,4777.431907
Karnataka,KODAGU,Coconut,2003-04,Whole Year,1292,Hectare,6173000.0,Nuts,4777.863777
Karnataka,KOLAR,Coconut,2001-02,Whole Year,2101,Hectare,7523000.0,Nuts,3580.675869
Karnataka,KOLAR,Coconut,2002-03,Whole Year,2101,Hectare,7523000.0,Nuts,3580.675869
Karnataka,KOLAR,Coconut,2003-04,Whole Year,2101,Hectare,7523000.0,Nuts,3580.675869
Karnataka,KOPPAL,Coconut,2001-02,Whole Year,1098,Hectare,5236000.0,Nuts,4768.67031
Karnataka,KOPPAL,Coconut,2002-03,Whole Year,492,Hectare,2346000.0,Nuts,4768.292683
Karnataka,KOPPAL,Coconut,2003-04,Whole Year,204,Hectare,973000.0,Nuts,4769.607843
Karnataka,MANDYA,Coconut,2001-02,Whole Year,17047,Hectare,61076000.0,Nuts,3582.800493
Karnataka,MANDYA,Coconut,2002-03,Whole Year,17882,Hectare,64068000.0,Nuts,3582.820714
Karnataka,MANDYA,Coconut,2003-04,Whole Year,17985,Hectare,64437000.0,Nuts,3582.819016
Karnataka,MYSORE,Coconut,2001-02,Whole Year,18765,Hectare,50122000.0,Nuts,2671.036504
Karnataka,MYSORE,Coconut,2002-03,Whole Year,19801,Hectare,52889000.0,Nuts,2671.026716
Karnataka,MYSORE,Coconut,2003-04,Whole Year,18005,Hectare,48092000.0,Nuts,2671.035823
Karnataka,RAICHUR,Coconut,2001-02,Whole Year,208,Hectare,992000.0,Nuts,4769.230769
Karnataka,RAICHUR,Coconut,2002-03,Whole Year,523,Hectare,2494000.0,Nuts,4768.642447
Karnataka,RAICHUR,Coconut,2003-04,Whole Year,496,Hectare,2365000.0,Nuts,4768.145161
Karnataka,SHIMOGA,Coconut,2001-02,Whole Year,6925,Hectare,18339000.0,Nuts,2648.231047
Karnataka,SHIMOGA,Coconut,2002-03,Whole Year,6820,Hectare,18061000.0,Nuts,2648.240469
Karnataka,SHIMOGA,Coconut,2003-04,Whole Year,6700,Hectare,17743000.0,Nuts,2648.208955
Karnataka,TUMKUR,Coconut,2001-02,Whole Year,110993,Hectare,547767000.0,Nuts,4935.149063
Karnataka,TUMKUR,Coconut,2002-03,Whole Year,111248,Hectare,549026000.0,Nuts,4935.15389
Karnataka,TUMKUR,Coconut,2003-04,Whole Year,109443,Hectare,540118000.0,Nuts,4935.153459
Karnataka,UDUPI,Coconut,2001-02,Whole Year,14003,Hectare,59777000.0,Nuts,4268.870956
Karnataka,UDUPI,Coconut,2002-03,Whole Year,14179,Hectare,60528000.0,Nuts,4268.848297
Karnataka,UDUPI,Coconut,2003-04,Whole Year,14319,Hectare,61126000.0,Nuts,4268.873525
Karnataka,UTTAR KANNAD,Coconut,2001-02,Whole Year,6069,Hectare,28864000.0,Nuts,4755.972977
Karnataka,UTTAR KANNAD,Coconut,2002-03,Whole Year,6162,Hectare,29306000.0,Nuts,4755.923401
Karnataka,UTTAR KANNAD,Coconut,2003-04,Whole Year,6224,Hectare,29601000.0,Nuts,4755.94473
Karnataka,BAGALKOT,Coriander,2001-02,Whole Year,30,Hectare,3.0,Tonnes,0.1
Karnataka,BAGALKOT,Coriander,2002-03,Whole Year,30,Hectare,3.0,Tonnes,0.1
Karnataka,BAGALKOT,Coriander,2003-04,Whole Year,26,Hectare,2.0,Tonnes,0.076923077
Karnataka,BANGALORE RURAL,Coriander,2001-02,Whole Year,7,Hectare,1.0,Tonnes,0.142857143
Karnataka,BELGAUM,Coriander,2001-02,Whole Year,184,Hectare,22.0,Tonnes,0.119565217
Karnataka,BELGAUM,Coriander,2002-03,Whole Year,274,Hectare,33.0,Tonnes,0.120437956
Karnataka,BELGAUM,Coriander,2003-04,Whole Year,278,Hectare,33.0,Tonnes,0.118705036
Karnataka,BELLARY,Coriander,2001-02,Whole Year,6420,Hectare,1297.0,Tonnes,0.202024922
Karnataka,BELLARY,Coriander,2002-03,Whole Year,2908,Hectare,587.0,Tonnes,0.201856946
Karnataka,BELLARY,Coriander,2003-04,Whole Year,3503,Hectare,707.0,Tonnes,0.201827005
Karnataka,BENGALURU URBAN,Coriander,2001-02,Whole Year,29,Hectare,5.0,Tonnes,0.172413793
Karnataka,BENGALURU URBAN,Coriander,2002-03,Whole Year,24,Hectare,4.0,Tonnes,0.166666667
Karnataka,BENGALURU URBAN,Coriander,2003-04,Whole Year,33,Hectare,5.0,Tonnes,0.151515152
Karnataka,BIDAR,Coriander,2001-02,Whole Year,788,Hectare,83.0,Tonnes,0.105329949
Karnataka,BIDAR,Coriander,2002-03,Whole Year,729,Hectare,77.0,Tonnes,0.105624143
Karnataka,BIDAR,Coriander,2003-04,Whole Year,687,Hectare,73.0,Tonnes,0.106259098
Karnataka,BIJAPUR,Coriander,2001-02,Whole Year,130,Hectare,12.0,Tonnes,0.092307692
Karnataka,BIJAPUR,Coriander,2002-03,Whole Year,325,Hectare,31.0,Tonnes,0.095384615
Karnataka,BIJAPUR,Coriander,2003-04,Whole Year,26,Hectare,2.0,Tonnes,0.076923077
Karnataka,CHAMARAJANAGAR,Coriander,2001-02,Whole Year,18,Hectare,2.0,Tonnes,0.111111111
Karnataka,CHAMARAJANAGAR,Coriander,2002-03,Whole Year,26,Hectare,3.0,Tonnes,0.115384615
Karnataka,CHAMARAJANAGAR,Coriander,2003-04,Whole Year,137,Hectare,14.0,Tonnes,0.102189781
Karnataka,CHIKMAGALUR,Coriander,2001-02,Whole Year,1594,Hectare,163.0,Tonnes,0.102258469
Karnataka,CHIKMAGALUR,Coriander,2002-03,Whole Year,1305,Hectare,133.0,Tonnes,0.101915709
Karnataka,CHIKMAGALUR,Coriander,2003-04,Whole Year,1338,Hectare,136.0,Tonnes,0.101644245
Karnataka,CHITRADURGA,Coriander,2001-02,Whole Year,127,Hectare,13.0,Tonnes,0.102362205
Karnataka,CHITRADURGA,Coriander,2002-03,Whole Year,267,Hectare,27.0,Tonnes,0.101123596
Karnataka,CHITRADURGA,Coriander,2003-04,Whole Year,245,Hectare,25.0,Tonnes,0.102040816
Karnataka,DAVANGERE,Coriander,2001-02,Whole Year,53,Hectare,5.0,Tonnes,0.094339623
Karnataka,DAVANGERE,Coriander,2002-03,Whole Year,41,Hectare,4.0,Tonnes,0.097560976
Karnataka,DAVANGERE,Coriander,2003-04,Whole Year,26,Hectare,3.0,Tonnes,0.115384615
Karnataka,DHARWAD,Coriander,2001-02,Whole Year,374,Hectare,39.0,Tonnes,0.104278075
Karnataka,DHARWAD,Coriander,2002-03,Whole Year,498,Hectare,51.0,Tonnes,0.102409639
Karnataka,DHARWAD,Coriander,2003-04,Whole Year,329,Hectare,34.0,Tonnes,0.103343465
Karnataka,GADAG,Coriander,2001-02,Whole Year,147,Hectare,15.0,Tonnes,0.102040816
Karnataka,GADAG,Coriander,2002-03,Whole Year,148,Hectare,15.0,Tonnes,0.101351351
Karnataka,GADAG,Coriander,2003-04,Whole Year,227,Hectare,23.0,Tonnes,0.101321586
Karnataka,GULBARGA,Coriander,2001-02,Whole Year,63,Hectare,10.0,Tonnes,0.158730159
Karnataka,GULBARGA,Coriander,2002-03,Whole Year,63,Hectare,10.0,Tonnes,0.158730159
Karnataka,GULBARGA,Coriander,2003-04,Whole Year,73,Hectare,11.0,Tonnes,0.150684932
Karnataka,HASSAN,Coriander,2001-02,Whole Year,282,Hectare,35.0,Tonnes,0.124113475
Karnataka,HASSAN,Coriander,2002-03,Whole Year,473,Hectare,59.0,Tonnes,0.124735729
Karnataka,HASSAN,Coriander,2003-04,Whole Year,54,Hectare,7.0,Tonnes,0.12962963
Karnataka,HAVERI,Coriander,2001-02,Whole Year,322,Hectare,33.0,Tonnes,0.102484472
Karnataka,HAVERI,Coriander,2002-03,Whole Year,222,Hectare,23.0,Tonnes,0.103603604
Karnataka,HAVERI,Coriander,2003-04,Whole Year,237,Hectare,24.0,Tonnes,0.101265823
Karnataka,KOLAR,Coriander,2001-02,Whole Year,56,Hectare,6.0,Tonnes,0.107142857
Karnataka,KOLAR,Coriander,2002-03,Whole Year,57,Hectare,6.0,Tonnes,0.105263158
Karnataka,KOLAR,Coriander,2003-04,Whole Year,88,Hectare,9.0,Tonnes,0.102272727
Karnataka,KOPPAL,Coriander,2001-02,Whole Year,170,Hectare,30.0,Tonnes,0.176470588
Karnataka,KOPPAL,Coriander,2002-03,Whole Year,150,Hectare,26.0,Tonnes,0.173333333
Karnataka,KOPPAL,Coriander,2003-04,Whole Year,388,Hectare,68.0,Tonnes,0.175257732
Karnataka,MYSORE,Coriander,2001-02,Whole Year,217,Hectare,21.0,Tonnes,0.096774194
Karnataka,MYSORE,Coriander,2002-03,Whole Year,34,Hectare,3.0,Tonnes,0.088235294
Karnataka,MYSORE,Coriander,2003-04,Whole Year,75,Hectare,7.0,Tonnes,0.093333333
Karnataka,RAICHUR,Coriander,2001-02,Whole Year,275,Hectare,48.0,Tonnes,0.174545455
Karnataka,RAICHUR,Coriander,2002-03,Whole Year,103,Hectare,18.0,Tonnes,0.174757282
Karnataka,RAICHUR,Coriander,2003-04,Whole Year,18,Hectare,3.0,Tonnes,0.166666667
Karnataka,TUMKUR,Coriander,2001-02,Whole Year,20,Hectare,2.0,Tonnes,0.1
Karnataka,TUMKUR,Coriander,2002-03,Whole Year,8,Hectare,1.0,Tonnes,0.125
Karnataka,TUMKUR,Coriander,2003-04,Whole Year,9,Hectare,1.0,Tonnes,0.111111111
Karnataka,BAGALKOT,Cotton(lint),2001-02,Kharif,14104,Hectare,22539.0,Bales,1.598057289
Karnataka,BAGALKOT,Cotton(lint),2002-03,Kharif,3511,Hectare,5149.0,Bales,1.466533751
Karnataka,BAGALKOT,Cotton(lint),2003-04,Kharif,3226,Hectare,6374.0,Bales,1.975821451
Karnataka,BELGAUM,Cotton(lint),2001-02,Kharif,40767,Hectare,50651.0,Bales,1.242451002
Karnataka,BELGAUM,Cotton(lint),2002-03,Kharif,29028,Hectare,31313.0,Bales,1.078717101
Karnataka,BELGAUM,Cotton(lint),2003-04,Kharif,18749,Hectare,13700.0,Bales,0.730705638
Karnataka,BELLARY,Cotton(lint),2001-02,Kharif,51505,Hectare,69414.0,Bales,1.347713814
Karnataka,BELLARY,Cotton(lint),2002-03,Kharif,35188,Hectare,38941.0,Bales,1.106655678
Karnataka,BELLARY,Cotton(lint),2003-04,Kharif,26088,Hectare,21825.0,Bales,0.836591536
Karnataka,BIDAR,Cotton(lint),2001-02,Kharif,1843,Hectare,1668.0,Bales,0.905046121
Karnataka,BIDAR,Cotton(lint),2002-03,Kharif,1477,Hectare,2410.0,Bales,1.63168585
Karnataka,BIDAR,Cotton(lint),2003-04,Kharif,1321,Hectare,1373.0,Bales,1.039364118
Karnataka,BIJAPUR,Cotton(lint),2001-02,Kharif,11094,Hectare,14634.0,Bales,1.319091401
Karnataka,BIJAPUR,Cotton(lint),2002-03,Kharif,2851,Hectare,3673.0,Bales,1.288319888
Karnataka,BIJAPUR,Cotton(lint),2003-04,Kharif,1226,Hectare,1753.0,Bales,1.429853181
Karnataka,CHAMARAJANAGAR,Cotton(lint),2001-02,Kharif,10547,Hectare,7085.0,Bales,0.671755001
Karnataka,CHAMARAJANAGAR,Cotton(lint),2002-03,Kharif,5271,Hectare,928.0,Bales,0.176057674
Karnataka,CHAMARAJANAGAR,Cotton(lint),2003-04,Kharif,5420,Hectare,1143.0,Bales,0.210885609
Karnataka,CHIKMAGALUR,Cotton(lint),2001-02,Kharif,1537,Hectare,1271.0,Bales,0.826935589
Karnataka,CHIKMAGALUR,Cotton(lint),2002-03,Kharif,1711,Hectare,1950.0,Bales,1.139684395
Karnataka,CHIKMAGALUR,Cotton(lint),2003-04,Kharif,392,Hectare,407.0,Bales,1.038265306
Karnataka,CHITRADURGA,Cotton(lint),2001-02,Kharif,17762,Hectare,16460.0,Bales,0.926697444
Karnataka,CHITRADURGA,Cotton(lint),2002-03,Kharif,7553,Hectare,9979.0,Bales,1.321196875
Karnataka,CHITRADURGA,Cotton(lint),2003-04,Kharif,4092,Hectare,4300.0,Bales,1.05083089
Karnataka,DAVANGERE,Cotton(lint),2001-02,Kharif,10159,Hectare,9014.0,Bales,0.887292056
Karnataka,DAVANGERE,Cotton(lint),2002-03,Kharif,4660,Hectare,4327.0,Bales,0.928540773
Karnataka,DAVANGERE,Cotton(lint),2003-04,Kharif,3590,Hectare,2961.0,Bales,0.824791086
Karnataka,DHARWAD,Cotton(lint),2001-02,Kharif,105429,Hectare,49539.0,Bales,0.469880204
Karnataka,DHARWAD,Cotton(lint),2002-03,Kharif,91357,Hectare,39526.0,Bales,0.432654312
Karnataka,DHARWAD,Cotton(lint),2003-04,Kharif,51899,Hectare,30814.0,Bales,0.59373013
Karnataka,GADAG,Cotton(lint),2001-02,Kharif,77125,Hectare,50442.0,Bales,0.654029173
Karnataka,GADAG,Cotton(lint),2002-03,Kharif,45540,Hectare,20497.0,Bales,0.450087835
Karnataka,GADAG,Cotton(lint),2003-04,Kharif,37175,Hectare,7485.0,Bales,0.20134499
Karnataka,GULBARGA,Cotton(lint),2001-02,Kharif,28394,Hectare,53835.0,Bales,1.895999155
Karnataka,GULBARGA,Cotton(lint),2002-03,Kharif,16443,Hectare,43235.0,Bales,2.629386365
Karnataka,GULBARGA,Cotton(lint),2003-04,Kharif,17295,Hectare,48613.0,Bales,2.810812374
Karnataka,HASSAN,Cotton(lint),2001-02,Kharif,2326,Hectare,4147.0,Bales,1.78288908
Karnataka,HASSAN,Cotton(lint),2002-03,Kharif,1802,Hectare,957.0,Bales,0.531076582
Karnataka,HASSAN,Cotton(lint),2003-04,Kharif,169,Hectare,133.0,Bales,0.786982249
Karnataka,HAVERI,Cotton(lint),2001-02,Kharif,80825,Hectare,79106.0,Bales,0.978731828
Karnataka,HAVERI,Cotton(lint),2002-03,Kharif,59585,Hectare,49612.0,Bales,0.832625661
Karnataka,HAVERI,Cotton(lint),2003-04,Kharif,47319,Hectare,31332.0,Bales,0.66214417
Karnataka,KOPPAL,Cotton(lint),2001-02,Kharif,35991,Hectare,38735.0,Bales,1.076241283
Karnataka,KOPPAL,Cotton(lint),2002-03,Kharif,4684,Hectare,4337.0,Bales,0.925918019
Karnataka,KOPPAL,Cotton(lint),2003-04,Kharif,12569,Hectare,5093.0,Bales,0.405203278
Karnataka,MANDYA,Cotton(lint),2001-02,Kharif,1,Hectare,2.0,Bales,2.0
Karnataka,MANDYA,Cotton(lint),2002-03,Kharif,1,Hectare,2.0,Bales,2.0
Karnataka,MANDYA,Cotton(lint),2003-04,Kharif,2,Hectare,5.0,Bales,2.5
Karnataka,MYSORE,Cotton(lint),2001-02,Kharif,55918,Hectare,76555.0,Bales,1.369058264
Karnataka,MYSORE,Cotton(lint),2002-03,Kharif,36105,Hectare,31900.0,Bales,0.883534137
Karnataka,MYSORE,Cotton(lint),2003-04,Kharif,42809,Hectare,33251.0,Bales,0.776729193
Karnataka,RAICHUR,Cotton(lint),2001-02,Kharif,44627,Hectare,41939.0,Bales,0.939767405
Karnataka,RAICHUR,Cotton(lint),2002-03,Kharif,31605,Hectare,21270.0,Bales,0.672994779
Karnataka,RAICHUR,Cotton(lint),2003-04,Kharif,31965,Hectare,30941.0,Bales,0.967964962
Karnataka,SHIMOGA,Cotton(lint),2001-02,Kharif,11760,Hectare,13537.0,Bales,1.151105442
Karnataka,SHIMOGA,Cotton(lint),2002-03,Kharif,7472,Hectare,11023.0,Bales,1.475240899
Karnataka,SHIMOGA,Cotton(lint),2003-04,Kharif,4809,Hectare,7901.0,Bales,1.642961115
Karnataka,TUMKUR,Cotton(lint),2001-02,Kharif,973,Hectare,1809.0,Bales,1.859198356
Karnataka,TUMKUR,Cotton(lint),2002-03,Kharif,856,Hectare,1576.0,Bales,1.841121495
Karnataka,TUMKUR,Cotton(lint),2003-04,Kharif,312,Hectare,698.0,Bales,2.237179487
Karnataka,UTTAR KANNAD,Cotton(lint),2001-02,Kharif,5792,Hectare,10033.0,Bales,1.732216851
Karnataka,UTTAR KANNAD,Cotton(lint),2002-03,Kharif,5971,Hectare,8308.0,Bales,1.391391727
Karnataka,UTTAR KANNAD,Cotton(lint),2003-04,Kharif,6247,Hectare,14522.0,Bales,2.324635825
Karnataka,BAGALKOT,Dry chillies,2001-02,Whole Year,704,Hectare,608.0,Tonnes,0.863636364
Karnataka,BAGALKOT,Dry chillies,2002-03,Whole Year,543,Hectare,292.0,Tonnes,0.537753223
Karnataka,BAGALKOT,Dry chillies,2003-04,Whole Year,476,Hectare,798.0,Tonnes,1.676470588
Karnataka,BANGALORE RURAL,Dry chillies,2001-02,Whole Year,1578,Hectare,1226.0,Tonnes,0.776932826
Karnataka,BANGALORE RURAL,Dry chillies,2002-03,Whole Year,722,Hectare,336.0,Tonnes,0.465373961
Karnataka,BANGALORE RURAL,Dry chillies,2003-04,Whole Year,230,Hectare,270.0,Tonnes,1.173913043
Karnataka,BELGAUM,Dry chillies,2001-02,Whole Year,6918,Hectare,6618.0,Tonnes,0.956634866
Karnataka,BELGAUM,Dry chillies,2002-03,Whole Year,8543,Hectare,6498.0,Tonnes,0.760622732
Karnataka,BELGAUM,Dry chillies,2003-04,Whole Year,2487,Hectare,1632.0,Tonnes,0.656212304
Karnataka,BELLARY,Dry chillies,2001-02,Whole Year,16144,Hectare,15620.0,Tonnes,0.967542121
Karnataka,BELLARY,Dry chillies,2002-03,Whole Year,12144,Hectare,28953.0,Tonnes,2.384140316
Karnataka,BELLARY,Dry chillies,2003-04,Whole Year,648,Hectare,2101.0,Tonnes,3.242283951
Karnataka,BENGALURU URBAN,Dry chillies,2001-02,Whole Year,260,Hectare,766.0,Tonnes,2.946153846
Karnataka,BENGALURU URBAN,Dry chillies,2002-03,Whole Year,312,Hectare,579.0,Tonnes,1.855769231
Karnataka,BENGALURU URBAN,Dry chillies,2003-04,Whole Year,597,Hectare,493.0,Tonnes,0.825795645
Karnataka,BIDAR,Dry chillies,2001-02,Whole Year,766,Hectare,681.0,Tonnes,0.889033943
Karnataka,BIDAR,Dry chillies,2002-03,Whole Year,995,Hectare,399.0,Tonnes,0.401005025
Karnataka,BIDAR,Dry chillies,2003-04,Whole Year,1291,Hectare,820.0,Tonnes,0.635166538
Karnataka,BIJAPUR,Dry chillies,2001-02,Whole Year,1894,Hectare,2641.0,Tonnes,1.394403379
Karnataka,BIJAPUR,Dry chillies,2002-03,Whole Year,1362,Hectare,927.0,Tonnes,0.68061674
Karnataka,BIJAPUR,Dry chillies,2003-04,Whole Year,533,Hectare,483.0,Tonnes,0.90619137
Karnataka,CHAMARAJANAGAR,Dry chillies,2001-02,Whole Year,539,Hectare,392.0,Tonnes,0.727272727
Karnataka,CHAMARAJANAGAR,Dry chillies,2002-03,Whole Year,605,Hectare,421.0,Tonnes,0.695867769
Karnataka,CHAMARAJANAGAR,Dry chillies,2003-04,Whole Year,498,Hectare,311.0,Tonnes,0.624497992
Karnataka,CHIKMAGALUR,Dry chillies,2001-02,Whole Year,3545,Hectare,3031.0,Tonnes,0.855007052
Karnataka,CHIKMAGALUR,Dry chillies,2002-03,Whole Year,2438,Hectare,3194.0,Tonnes,1.310090238
Karnataka,CHIKMAGALUR,Dry chillies,2003-04,Whole Year,2271,Hectare,2896.0,Tonnes,1.275209159
Karnataka,CHITRADURGA,Dry chillies,2001-02,Whole Year,2485,Hectare,1780.0,Tonnes,0.716297787
Karnataka,CHITRADURGA,Dry chillies,2002-03,Whole Year,2250,Hectare,3580.0,Tonnes,1.591111111
Karnataka,CHITRADURGA,Dry chillies,2003-04,Whole Year,2664,Hectare,3823.0,Tonnes,1.43506006
Karnataka,DAKSHIN KANNAD,Dry chillies,2001-02,Whole Year,484,Hectare,667.0,Tonnes,1.378099174
Karnataka,DAKSHIN KANNAD,Dry chillies,2002-03,Whole Year,381,Hectare,537.0,Tonnes,1.409448819
Karnataka,DAKSHIN KANNAD,Dry chillies,2003-04,Whole Year,472,Hectare,496.0,Tonnes,1.050847458
Karnataka,DAVANGERE,Dry chillies,2001-02,Whole Year,2927,Hectare,1922.0,Tonnes,0.656645029
Karnataka,DAVANGERE,Dry chillies,2002-03,Whole Year,1944,Hectare,1172.0,Tonnes,0.602880658
Karnataka,DAVANGERE,Dry chillies,2003-04,Whole Year,681,Hectare,313.0,Tonnes,0.459618209
Karnataka,DHARWAD,Dry chillies,2001-02,Whole Year,65992,Hectare,30865.0,Tonnes,0.467708207
Karnataka,DHARWAD,Dry chillies,2002-03,Whole Year,56638,Hectare,52565.0,Tonnes,0.92808715
Karnataka,DHARWAD,Dry chillies,2003-04,Whole Year,21988,Hectare,28011.0,Tonnes,1.273922139
Karnataka,GADAG,Dry chillies,2001-02,Whole Year,23815,Hectare,9732.0,Tonnes,0.408650011
Karnataka,GADAG,Dry chillies,2002-03,Whole Year,16756,Hectare,6351.0,Tonnes,0.379028408
Karnataka,GADAG,Dry chillies,2003-04,Whole Year,4096,Hectare,5515.0,Tonnes,1.346435547
Karnataka,GULBARGA,Dry chillies,2001-02,Whole Year,6274,Hectare,8007.0,Tonnes,1.276219318
Karnataka,GULBARGA,Dry chillies,2002-03,Whole Year,5784,Hectare,14934.0,Tonnes,2.581950207
Karnataka,GULBARGA,Dry chillies,2003-04,Whole Year,5725,Hectare,12863.0,Tonnes,2.246812227
Karnataka,HASSAN,Dry chillies,2001-02,Whole Year,1923,Hectare,5573.0,Tonnes,2.898075923
Karnataka,HASSAN,Dry chillies,2002-03,Whole Year,3439,Hectare,10416.0,Tonnes,3.028787438
Karnataka,HASSAN,Dry chillies,2003-04,Whole Year,1436,Hectare,2969.0,Tonnes,2.067548747
Karnataka,HAVERI,Dry chillies,2001-02,Whole Year,42720,Hectare,20270.0,Tonnes,0.474485019
Karnataka,HAVERI,Dry chillies,2002-03,Whole Year,29606,Hectare,9940.0,Tonnes,0.335742755
Karnataka,HAVERI,Dry chillies,2003-04,Whole Year,12265,Hectare,15662.0,Tonnes,1.276966979
Karnataka,KODAGU,Dry chillies,2001-02,Whole Year,202,Hectare,235.0,Tonnes,1.163366337
Karnataka,KODAGU,Dry chillies,2002-03,Whole Year,423,Hectare,1959.0,Tonnes,4.631205674
Karnataka,KODAGU,Dry chillies,2003-04,Whole Year,180,Hectare,984.0,Tonnes,5.466666667
Karnataka,KOLAR,Dry chillies,2001-02,Whole Year,1782,Hectare,2122.0,Tonnes,1.190796857
Karnataka,KOLAR,Dry chillies,2002-03,Whole Year,1101,Hectare,2209.0,Tonnes,2.006357856
Karnataka,KOLAR,Dry chillies,2003-04,Whole Year,1864,Hectare,2858.0,Tonnes,1.533261803
Karnataka,KOPPAL,Dry chillies,2001-02,Whole Year,521,Hectare,260.0,Tonnes,0.499040307
Karnataka,KOPPAL,Dry chillies,2002-03,Whole Year,515,Hectare,251.0,Tonnes,0.487378641
Karnataka,KOPPAL,Dry chillies,2003-04,Whole Year,1574,Hectare,2575.0,Tonnes,1.635959339
Karnataka,MANDYA,Dry chillies,2001-02,Whole Year,833,Hectare,1899.0,Tonnes,2.279711885
Karnataka,MANDYA,Dry chillies,2002-03,Whole Year,608,Hectare,711.0,Tonnes,1.169407895
Karnataka,MANDYA,Dry chillies,2003-04,Whole Year,1063,Hectare,1512.0,Tonnes,1.422389464
Karnataka,MYSORE,Dry chillies,2001-02,Whole Year,1666,Hectare,1573.0,Tonnes,0.944177671
Karnataka,MYSORE,Dry chillies,2002-03,Whole Year,1484,Hectare,1634.0,Tonnes,1.101078167
Karnataka,MYSORE,Dry chillies,2003-04,Whole Year,804,Hectare,1931.0,Tonnes,2.401741294
Karnataka,RAICHUR,Dry chillies,2001-02,Whole Year,1608,Hectare,1294.0,Tonnes,0.804726368
Karnataka,RAICHUR,Dry chillies,2002-03,Whole Year,1890,Hectare,1839.0,Tonnes,0.973015873
Karnataka,RAICHUR,Dry chillies,2003-04,Whole Year,1514,Hectare,1229.0,Tonnes,0.811756935
Karnataka,SHIMOGA,Dry chillies,2001-02,Whole Year,2261,Hectare,1034.0,Tonnes,0.45731977
Karnataka,SHIMOGA,Dry chillies,2002-03,Whole Year,1391,Hectare,1318.0,Tonnes,0.94751977
Karnataka,SHIMOGA,Dry chillies,2003-04,Whole Year,1496,Hectare,2180.0,Tonnes,1.457219251
Karnataka,TUMKUR,Dry chillies,2001-02,Whole Year,4715,Hectare,7101.0,Tonnes,1.506044539
Karnataka,TUMKUR,Dry chillies,2002-03,Whole Year,3159,Hectare,1806.0,Tonnes,0.571699905
Karnataka,TUMKUR,Dry chillies,2003-04,Whole Year,2443,Hectare,806.0,Tonnes,0.329922227
Karnataka,UDUPI,Dry chillies,2001-02,Whole Year,484,Hectare,457.0,Tonnes,0.944214876
Karnataka,UDUPI,Dry chillies,2002-03,Whole Year,443,Hectare,599.0,Tonnes,1.35214447
Karnataka,UDUPI,Dry chillies,2003-04,Whole Year,498,Hectare,831.0,Tonnes,1.668674699
Karnataka,UTTAR KANNAD,Dry chillies,2001-02,Whole Year,27,Hectare,21.0,Tonnes,0.777777778
Karnataka,UTTAR KANNAD,Dry chillies,2002-03,Whole Year,23,Hectare,23.0,Tonnes,1.0
Karnataka,UTTAR KANNAD,Dry chillies,2003-04,Whole Year,82,Hectare,140.0,Tonnes,1.707317073
Karnataka,BAGALKOT,Garlic,2002-03,Whole Year,18,Hectare,15.0,Tonnes,0.833333333
Karnataka,BAGALKOT,Garlic,2003-04,Whole Year,150,Hectare,124.0,Tonnes,0.826666667
Karnataka,BELGAUM,Garlic,2002-03,Whole Year,531,Hectare,635.0,Tonnes,1.195856874
Karnataka,BELGAUM,Garlic,2003-04,Whole Year,285,Hectare,341.0,Tonnes,1.196491228
Karnataka,BELLARY,Garlic,2002-03,Whole Year,4,Hectare,11.0,Tonnes,2.75
Karnataka,BELLARY,Garlic,2003-04,Whole Year,3,Hectare,8.0,Tonnes,2.666666667
Karnataka,BENGALURU URBAN,Garlic,2002-03,Whole Year,8,Hectare,6.0,Tonnes,0.75
Karnataka,BENGALURU URBAN,Garlic,2003-04,Whole Year,12,Hectare,9.0,Tonnes,0.75
Karnataka,BIDAR,Garlic,2002-03,Whole Year,104,Hectare,197.0,Tonnes,1.894230769
Karnataka,BIDAR,Garlic,2003-04,Whole Year,73,Hectare,138.0,Tonnes,1.890410959
Karnataka,BIJAPUR,Garlic,2002-03,Whole Year,582,Hectare,482.0,Tonnes,0.828178694
Karnataka,BIJAPUR,Garlic,2003-04,Whole Year,200,Hectare,166.0,Tonnes,0.83
Karnataka,CHAMARAJANAGAR,Garlic,2002-03,Whole Year,115,Hectare,236.0,Tonnes,2.052173913
Karnataka,CHAMARAJANAGAR,Garlic,2003-04,Whole Year,83,Hectare,170.0,Tonnes,2.048192771
Karnataka,CHITRADURGA,Garlic,2002-03,Whole Year,3,Hectare,3.0,Tonnes,1.0
Karnataka,CHITRADURGA,Garlic,2003-04,Whole Year,5,Hectare,6.0,Tonnes,1.2
Karnataka,DAVANGERE,Garlic,2002-03,Whole Year,3,Hectare,3.0,Tonnes,1.0
Karnataka,DAVANGERE,Garlic,2003-04,Whole Year,31,Hectare,35.0,Tonnes,1.129032258
Karnataka,DHARWAD,Garlic,2002-03,Whole Year,1652,Hectare,958.0,Tonnes,0.579903148
Karnataka,DHARWAD,Garlic,2003-04,Whole Year,1739,Hectare,1009.0,Tonnes,0.580218516
Karnataka,GADAG,Garlic,2002-03,Whole Year,74,Hectare,43.0,Tonnes,0.581081081
Karnataka,GADAG,Garlic,2003-04,Whole Year,153,Hectare,89.0,Tonnes,0.581699346
Karnataka,GULBARGA,Garlic,2002-03,Whole Year,6,Hectare,18.0,Tonnes,3.0
Karnataka,GULBARGA,Garlic,2003-04,Whole Year,2,Hectare,6.0,Tonnes,3.0
Karnataka,HASSAN,Garlic,2002-03,Whole Year,35,Hectare,94.0,Tonnes,2.685714286
Karnataka,HASSAN,Garlic,2003-04,Whole Year,40,Hectare,107.0,Tonnes,2.675
Karnataka,HAVERI,Garlic,2002-03,Whole Year,2208,Hectare,1281.0,Tonnes,0.580163044
Karnataka,HAVERI,Garlic,2003-04,Whole Year,1189,Hectare,690.0,Tonnes,0.580319596
Karnataka,MANDYA,Garlic,2002-03,Whole Year,1,Hectare,1.0,Tonnes,1.0
Karnataka,MANDYA,Garlic,2003-04,Whole Year,1,Hectare,1.0,Tonnes,1.0
Karnataka,SHIMOGA,Garlic,2003-04,Whole Year,1,Hectare,1.0,Tonnes,1.0
Karnataka,TUMKUR,Garlic,2003-04,Whole Year,3,Hectare,2.0,Tonnes,0.666666667
Karnataka,BANGALORE RURAL,Ginger,2001-02,Kharif,59,Hectare,689.0,Tonnes,11.6779661
Karnataka,BANGALORE RURAL,Ginger,2002-03,Kharif,30,Hectare,350.0,Tonnes,11.66666667
Karnataka,BANGALORE RURAL,Ginger,2003-04,Kharif,46,Hectare,537.0,Tonnes,11.67391304
Karnataka,BELLARY,Ginger,2001-02,Kharif,1,Hectare,13.0,Tonnes,13.0
Karnataka,BELLARY,Ginger,2003-04,Kharif,1,Hectare,13.0,Tonnes,13.0
Karnataka,BIDAR,Ginger,2001-02,Kharif,1038,Hectare,13195.0,Tonnes,12.71194605
Karnataka,BIDAR,Ginger,2002-03,Kharif,1047,Hectare,13309.0,Tonnes,12.71155683
Karnataka,BIDAR,Ginger,2003-04,Kharif,788,Hectare,10017.0,Tonnes,12.71192893
Karnataka,CHIKMAGALUR,Ginger,2001-02,Kharif,316,Hectare,3864.0,Tonnes,12.2278481
Karnataka,CHIKMAGALUR,Ginger,2002-03,Kharif,120,Hectare,1467.0,Tonnes,12.225
Karnataka,CHIKMAGALUR,Ginger,2003-04,Kharif,160,Hectare,1956.0,Tonnes,12.225
Karnataka,DAKSHIN KANNAD,Ginger,2001-02,Kharif,325,Hectare,3826.0,Tonnes,11.77230769
Karnataka,DAKSHIN KANNAD,Ginger,2002-03,Kharif,311,Hectare,3661.0,Tonnes,11.77170418
Karnataka,DAKSHIN KANNAD,Ginger,2003-04,Kharif,301,Hectare,3543.0,Tonnes,11.77076412
Karnataka,DAVANGERE,Ginger,2001-02,Kharif,5,Hectare,66.0,Tonnes,13.2
Karnataka,DAVANGERE,Ginger,2002-03,Kharif,9,Hectare,118.0,Tonnes,13.11111111
Karnataka,DAVANGERE,Ginger,2003-04,Kharif,4,Hectare,53.0,Tonnes,13.25
Karnataka,GADAG,Ginger,2001-02,Kharif,6,Hectare,79.0,Tonnes,13.16666667
Karnataka,GULBARGA,Ginger,2001-02,Kharif,14,Hectare,183.0,Tonnes,13.07142857
Karnataka,GULBARGA,Ginger,2002-03,Kharif,12,Hectare,157.0,Tonnes,13.08333333
Karnataka,GULBARGA,Ginger,2003-04,Kharif,15,Hectare,196.0,Tonnes,13.06666667
Karnataka,HASSAN,Ginger,2001-02,Kharif,1053,Hectare,13719.0,Tonnes,13.02849003
Karnataka,HASSAN,Ginger,2002-03,Kharif,2123,Hectare,27659.0,Tonnes,13.02826189
Karnataka,HASSAN,Ginger,2003-04,Kharif,1326,Hectare,17276.0,Tonnes,13.02865762
Karnataka,HAVERI,Ginger,2001-02,Kharif,199,Hectare,2624.0,Tonnes,13.18592965
Karnataka,HAVERI,Ginger,2002-03,Kharif,139,Hectare,1833.0,Tonnes,13.18705036
Karnataka,HAVERI,Ginger,2003-04,Kharif,123,Hectare,1622.0,Tonnes,13.18699187
Karnataka,KODAGU,Ginger,2001-02,Kharif,3560,Hectare,46064.0,Tonnes,12.93932584
Karnataka,KODAGU,Ginger,2002-03,Kharif,3665,Hectare,47423.0,Tonnes,12.93942701
Karnataka,KODAGU,Ginger,2003-04,Kharif,3332,Hectare,43114.0,Tonnes,12.93937575
Karnataka,MANDYA,Ginger,2001-02,Kharif,5,Hectare,66.0,Tonnes,13.2
Karnataka,MANDYA,Ginger,2002-03,Kharif,2,Hectare,26.0,Tonnes,13.0
Karnataka,MANDYA,Ginger,2003-04,Kharif,1,Hectare,13.0,Tonnes,13.0
Karnataka,MYSORE,Ginger,2001-02,Kharif,1320,Hectare,17237.0,Tonnes,13.05833333
Karnataka,MYSORE,Ginger,2002-03,Kharif,1105,Hectare,14429.0,Tonnes,13.05791855
Karnataka,MYSORE,Ginger,2003-04,Kharif,386,Hectare,5040.0,Tonnes,13.05699482
Karnataka,RAICHUR,Ginger,2001-02,Kharif,9,Hectare,118.0,Tonnes,13.11111111
Karnataka,SHIMOGA,Ginger,2001-02,Kharif,2586,Hectare,36610.0,Tonnes,14.15699923
Karnataka,SHIMOGA,Ginger,2002-03,Kharif,2246,Hectare,31797.0,Tonnes,14.1571683
Karnataka,SHIMOGA,Ginger,2003-04,Kharif,1664,Hectare,23557.0,Tonnes,14.15685096
Karnataka,TUMKUR,Ginger,2001-02,Kharif,4,Hectare,54.0,Tonnes,13.5
Karnataka,TUMKUR,Ginger,2002-03,Kharif,4,Hectare,54.0,Tonnes,13.5
Karnataka,TUMKUR,Ginger,2003-04,Kharif,2,Hectare,27.0,Tonnes,13.5
Karnataka,UDUPI,Ginger,2001-02,Kharif,127,Hectare,1495.0,Tonnes,11.77165354
Karnataka,UDUPI,Ginger,2002-03,Kharif,109,Hectare,1283.0,Tonnes,11.7706422
Karnataka,UDUPI,Ginger,2003-04,Kharif,109,Hectare,1283.0,Tonnes,11.7706422
Karnataka,UTTAR KANNAD,Ginger,2001-02,Kharif,50,Hectare,637.0,Tonnes,12.74
Karnataka,UTTAR KANNAD,Ginger,2002-03,Kharif,18,Hectare,229.0,Tonnes,12.72222222
Karnataka,UTTAR KANNAD,Ginger,2003-04,Kharif,23,Hectare,293.0,Tonnes,12.73913043
Karnataka,BAGALKOT,Gram,2001-02,Rabi,25681,Hectare,17984.0,Tonnes,0.700284257
Karnataka,BAGALKOT,Gram,2002-03,Rabi,26669,Hectare,17905.0,Tonnes,0.671378754
Karnataka,BAGALKOT,Gram,2003-04,Rabi,28249,Hectare,4448.0,Tonnes,0.157456901
Karnataka,BANGALORE RURAL,Gram,2001-02,Rabi,12,Hectare,7.0,Tonnes,0.583333333
Karnataka,BANGALORE RURAL,Gram,2003-04,Rabi,67,Hectare,22.0,Tonnes,0.328358209
Karnataka,BELGAUM,Gram,2001-02,Rabi,31986,Hectare,11149.0,Tonnes,0.348558745
Karnataka,BELGAUM,Gram,2002-03,Rabi,36190,Hectare,13161.0,Tonnes,0.363663996
Karnataka,BELGAUM,Gram,2003-04,Rabi,51985,Hectare,9214.0,Tonnes,0.177243436
Karnataka,BELLARY,Gram,2001-02,Rabi,22324,Hectare,17477.0,Tonnes,0.782879412
Karnataka,BELLARY,Gram,2002-03,Rabi,20814,Hectare,12777.0,Tonnes,0.613865667
Karnataka,BELLARY,Gram,2003-04,Rabi,19014,Hectare,9108.0,Tonnes,0.479015462
Karnataka,BENGALURU URBAN,Gram,2002-03,Rabi,6,Hectare,4.0,Tonnes,0.666666667
Karnataka,BENGALURU URBAN,Gram,2003-04,Rabi,13,Hectare,6.0,Tonnes,0.461538462
Karnataka,BIDAR,Gram,2001-02,Rabi,41761,Hectare,27462.0,Tonnes,0.657599195
Karnataka,BIDAR,Gram,2002-03,Rabi,40840,Hectare,25780.0,Tonnes,0.631243879
Karnataka,BIDAR,Gram,2003-04,Rabi,40561,Hectare,22830.0,Tonnes,0.562855945
Karnataka,BIJAPUR,Gram,2001-02,Rabi,55212,Hectare,35884.0,Tonnes,0.649931174
Karnataka,BIJAPUR,Gram,2002-03,Rabi,62900,Hectare,35391.0,Tonnes,0.562655008
Karnataka,BIJAPUR,Gram,2003-04,Rabi,62451,Hectare,14071.0,Tonnes,0.225312645
Karnataka,CHAMARAJANAGAR,Gram,2001-02,Rabi,1073,Hectare,630.0,Tonnes,0.587138863
Karnataka,CHAMARAJANAGAR,Gram,2002-03,Rabi,1761,Hectare,900.0,Tonnes,0.511073254
Karnataka,CHAMARAJANAGAR,Gram,2003-04,Rabi,2245,Hectare,723.0,Tonnes,0.322048998
Karnataka,CHIKMAGALUR,Gram,2001-02,Rabi,2592,Hectare,847.0,Tonnes,0.326774691
Karnataka,CHIKMAGALUR,Gram,2002-03,Rabi,2035,Hectare,885.0,Tonnes,0.434889435
Karnataka,CHIKMAGALUR,Gram,2003-04,Rabi,2069,Hectare,753.0,Tonnes,0.363943934
Karnataka,CHITRADURGA,Gram,2001-02,Rabi,8376,Hectare,3574.0,Tonnes,0.42669532
Karnataka,CHITRADURGA,Gram,2002-03,Rabi,6596,Hectare,2566.0,Tonnes,0.389023651
Karnataka,CHITRADURGA,Gram,2003-04,Rabi,4323,Hectare,2260.0,Tonnes,0.522785103
Karnataka,DAVANGERE,Gram,2001-02,Rabi,1709,Hectare,724.0,Tonnes,0.423639555
Karnataka,DAVANGERE,Gram,2002-03,Rabi,1879,Hectare,732.0,Tonnes,0.38956892
Karnataka,DAVANGERE,Gram,2003-04,Rabi,1828,Hectare,382.0,Tonnes,0.208971554
Karnataka,DHARWAD,Gram,2001-02,Rabi,39597,Hectare,8324.0,Tonnes,0.210217946
Karnataka,DHARWAD,Gram,2002-03,Rabi,41959,Hectare,12295.0,Tonnes,0.293024143
Karnataka,DHARWAD,Gram,2003-04,Rabi,54648,Hectare,1452.0,Tonnes,0.026570048
Karnataka,GADAG,Gram,2001-02,Rabi,35003,Hectare,6330.0,Tonnes,0.180841642
Karnataka,GADAG,Gram,2002-03,Rabi,47859,Hectare,7206.0,Tonnes,0.150567291
Karnataka,GADAG,Gram,2003-04,Rabi,43264,Hectare,4894.0,Tonnes,0.113119453
Karnataka,GULBARGA,Gram,2001-02,Rabi,155658,Hectare,121548.0,Tonnes,0.780865744
Karnataka,GULBARGA,Gram,2002-03,Rabi,134522,Hectare,103350.0,Tonnes,0.768275821
Karnataka,GULBARGA,Gram,2003-04,Rabi,136025,Hectare,82448.0,Tonnes,0.606123874
Karnataka,HASSAN,Gram,2001-02,Rabi,1585,Hectare,931.0,Tonnes,0.587381704
Karnataka,HASSAN,Gram,2002-03,Rabi,1898,Hectare,970.0,Tonnes,0.511064278
Karnataka,HASSAN,Gram,2003-04,Rabi,2558,Hectare,864.0,Tonnes,0.337763878
Karnataka,HAVERI,Gram,2001-02,Rabi,1330,Hectare,781.0,Tonnes,0.587218045
Karnataka,HAVERI,Gram,2002-03,Rabi,1742,Hectare,708.0,Tonnes,0.406429392
Karnataka,HAVERI,Gram,2003-04,Rabi,1983,Hectare,655.0,Tonnes,0.330307615
Karnataka,KODAGU,Gram,2003-04,Rabi,80,Hectare,29.0,Tonnes,0.3625
Karnataka,KOLAR,Gram,2001-02,Rabi,10,Hectare,6.0,Tonnes,0.6
Karnataka,KOPPAL,Gram,2001-02,Rabi,21333,Hectare,7805.0,Tonnes,0.365865092
Karnataka,KOPPAL,Gram,2002-03,Rabi,20762,Hectare,2515.0,Tonnes,0.121134765
Karnataka,KOPPAL,Gram,2003-04,Rabi,17881,Hectare,1696.0,Tonnes,0.094849281
Karnataka,MANDYA,Gram,2002-03,Rabi,176,Hectare,90.0,Tonnes,0.511363636
Karnataka,MANDYA,Gram,2003-04,Rabi,238,Hectare,77.0,Tonnes,0.323529412
Karnataka,MYSORE,Gram,2001-02,Rabi,1857,Hectare,1090.0,Tonnes,0.586968228
Karnataka,MYSORE,Gram,2002-03,Rabi,1239,Hectare,545.0,Tonnes,0.439870864
Karnataka,MYSORE,Gram,2003-04,Rabi,1143,Hectare,416.0,Tonnes,0.363954506
Karnataka,RAICHUR,Gram,2001-02,Rabi,32056,Hectare,18760.0,Tonnes,0.585225855
Karnataka,RAICHUR,Gram,2002-03,Rabi,28033,Hectare,13094.0,Tonnes,0.467092355
Karnataka,RAICHUR,Gram,2003-04,Rabi,37409,Hectare,14265.0,Tonnes,0.38132535
Karnataka,SHIMOGA,Gram,2001-02,Rabi,42,Hectare,25.0,Tonnes,0.595238095
Karnataka,SHIMOGA,Gram,2002-03,Rabi,88,Hectare,45.0,Tonnes,0.511363636
Karnataka,SHIMOGA,Gram,2003-04,Rabi,88,Hectare,28.0,Tonnes,0.318181818
Karnataka,TUMKUR,Gram,2001-02,Rabi,485,Hectare,285.0,Tonnes,0.587628866
Karnataka,TUMKUR,Gram,2002-03,Rabi,1821,Hectare,932.0,Tonnes,0.5118067
Karnataka,TUMKUR,Gram,2003-04,Rabi,1402,Hectare,452.0,Tonnes,0.322396576
Karnataka,UTTAR KANNAD,Gram,2001-02,Rabi,21,Hectare,12.0,Tonnes,0.571428571
Karnataka,UTTAR KANNAD,Gram,2002-03,Rabi,12,Hectare,6.0,Tonnes,0.5
Karnataka,UTTAR KANNAD,Gram,2003-04,Rabi,10,Hectare,3.0,Tonnes,0.3
Karnataka,BAGALKOT,Groundnut,2001-02,Kharif,14509,Hectare,17691.0,Tonnes,1.219312151
Karnataka,BAGALKOT,Groundnut,2002-03,Kharif,5720,Hectare,1920.0,Tonnes,0.335664336
Karnataka,BAGALKOT,Groundnut,2002-03,Rabi,10177,Hectare,12994.0,Tonnes,1.276800629
Karnataka,BAGALKOT,Groundnut,2003-04,Kharif,2649,Hectare,1644.0,Tonnes,0.620611552
Karnataka,BAGALKOT,Groundnut,2003-04,Rabi,14870,Hectare,22871.0,Tonnes,1.538063215
Karnataka,BANGALORE RURAL,Groundnut,2001-02,Kharif,12305,Hectare,14116.0,Tonnes,1.147175945
Karnataka,BANGALORE RURAL,Groundnut,2002-03,Kharif,10732,Hectare,10261.0,Tonnes,0.956112561
Karnataka,BANGALORE RURAL,Groundnut,2002-03,Rabi,56,Hectare,63.0,Tonnes,1.125
Karnataka,BANGALORE RURAL,Groundnut,2003-04,Kharif,10930,Hectare,9735.0,Tonnes,0.890667887
Karnataka,BANGALORE RURAL,Groundnut,2003-04,Rabi,422,Hectare,410.0,Tonnes,0.971563981
Karnataka,BELGAUM,Groundnut,2001-02,Kharif,61100,Hectare,44963.0,Tonnes,0.73589198
Karnataka,BELGAUM,Groundnut,2002-03,Kharif,63506,Hectare,38702.0,Tonnes,0.609422732
Karnataka,BELGAUM,Groundnut,2002-03,Rabi,3889,Hectare,3735.0,Tonnes,0.960401131
Karnataka,BELGAUM,Groundnut,2003-04,Kharif,47753,Hectare,31569.0,Tonnes,0.661089356
Karnataka,BELGAUM,Groundnut,2003-04,Rabi,4885,Hectare,6469.0,Tonnes,1.324257932
Karnataka,BELLARY,Groundnut,2001-02,Kharif,66922,Hectare,57961.0,Tonnes,0.866097845
Karnataka,BELLARY,Groundnut,2002-03,Kharif,52625,Hectare,30729.0,Tonnes,0.583923991
Karnataka,BELLARY,Groundnut,2002-03,Rabi,6306,Hectare,6453.0,Tonnes,1.023311132
Karnataka,BELLARY,Groundnut,2003-04,Kharif,50766,Hectare,32963.0,Tonnes,0.649312532
Karnataka,BELLARY,Groundnut,2003-04,Rabi,6625,Hectare,5895.0,Tonnes,0.889811321
Karnataka,BENGALURU URBAN,Groundnut,2001-02,Kharif,223,Hectare,138.0,Tonnes,0.618834081
Karnataka,BENGALURU URBAN,Groundnut,2002-03,Kharif,81,Hectare,46.0,Tonnes,0.567901235
Karnataka,BENGALURU URBAN,Groundnut,2003-04,Kharif,106,Hectare,47.0,Tonnes,0.443396226
Karnataka,BENGALURU URBAN,Groundnut,2003-04,Rabi,5,Hectare,5.0,Tonnes,1.0
Karnataka,BIDAR,Groundnut,2001-02,Kharif,2466,Hectare,1858.0,Tonnes,0.753446878
Karnataka,BIDAR,Groundnut,2002-03,Kharif,1374,Hectare,733.0,Tonnes,0.533478894
Karnataka,BIDAR,Groundnut,2002-03,Rabi,749,Hectare,933.0,Tonnes,1.245660881
Karnataka,BIDAR,Groundnut,2003-04,Kharif,1219,Hectare,440.0,Tonnes,0.3609516
Karnataka,BIDAR,Groundnut,2003-04,Rabi,511,Hectare,596.0,Tonnes,1.166340509
Karnataka,BIJAPUR,Groundnut,2001-02,Kharif,29243,Hectare,23060.0,Tonnes,0.788564785
Karnataka,BIJAPUR,Groundnut,2002-03,Kharif,41506,Hectare,14866.0,Tonnes,0.358165085
Karnataka,BIJAPUR,Groundnut,2002-03,Rabi,12470,Hectare,10342.0,Tonnes,0.829350441
Karnataka,BIJAPUR,Groundnut,2003-04,Kharif,30537,Hectare,9002.0,Tonnes,0.294789927
Karnataka,BIJAPUR,Groundnut,2003-04,Rabi,14450,Hectare,8195.0,Tonnes,0.567128028
Karnataka,CHAMARAJANAGAR,Groundnut,2001-02,Kharif,16021,Hectare,20834.0,Tonnes,1.300418201
Karnataka,CHAMARAJANAGAR,Groundnut,2002-03,Kharif,17793,Hectare,12669.0,Tonnes,0.712021582
Karnataka,CHAMARAJANAGAR,Groundnut,2002-03,Rabi,409,Hectare,458.0,Tonnes,1.119804401
Karnataka,CHAMARAJANAGAR,Groundnut,2003-04,Kharif,18299,Hectare,8805.0,Tonnes,0.481173835
Karnataka,CHAMARAJANAGAR,Groundnut,2003-04,Rabi,90,Hectare,87.0,Tonnes,0.966666667
Karnataka,CHIKMAGALUR,Groundnut,2001-02,Kharif,5348,Hectare,4745.0,Tonnes,0.887247569
Karnataka,CHIKMAGALUR,Groundnut,2002-03,Kharif,4263,Hectare,3027.0,Tonnes,0.710063336
Karnataka,CHIKMAGALUR,Groundnut,2002-03,Rabi,388,Hectare,471.0,Tonnes,1.213917526
Karnataka,CHIKMAGALUR,Groundnut,2003-04,Kharif,2778,Hectare,1783.0,Tonnes,0.641828654
Karnataka,CHIKMAGALUR,Groundnut,2003-04,Rabi,412,Hectare,400.0,Tonnes,0.970873786
Karnataka,CHITRADURGA,Groundnut,2001-02,Kharif,157816,Hectare,107955.0,Tonnes,0.684056116
Karnataka,CHITRADURGA,Groundnut,2002-03,Kharif,148298,Hectare,108358.0,Tonnes,0.73067742
Karnataka,CHITRADURGA,Groundnut,2002-03,Rabi,1979,Hectare,2029.0,Tonnes,1.025265285
Karnataka,CHITRADURGA,Groundnut,2003-04,Kharif,147592,Hectare,51038.0,Tonnes,0.345804651
Karnataka,CHITRADURGA,Groundnut,2003-04,Rabi,2167,Hectare,1425.0,Tonnes,0.65759114
Karnataka,DAVANGERE,Groundnut,2001-02,Kharif,18582,Hectare,20625.0,Tonnes,1.109945108
Karnataka,DAVANGERE,Groundnut,2002-03,Kharif,17219,Hectare,12633.0,Tonnes,0.733666299
Karnataka,DAVANGERE,Groundnut,2002-03,Rabi,2078,Hectare,3496.0,Tonnes,1.68238691
Karnataka,DAVANGERE,Groundnut,2003-04,Kharif,15774,Hectare,10681.0,Tonnes,0.677126918
Karnataka,DAVANGERE,Groundnut,2003-04,Rabi,3411,Hectare,5917.0,Tonnes,1.734681911
Karnataka,DHARWAD,Groundnut,2001-02,Kharif,20940,Hectare,8068.0,Tonnes,0.385291309
Karnataka,DHARWAD,Groundnut,2002-03,Kharif,29542,Hectare,20558.0,Tonnes,0.695890596
Karnataka,DHARWAD,Groundnut,2002-03,Rabi,1054,Hectare,1181.0,Tonnes,1.120493359
Karnataka,DHARWAD,Groundnut,2003-04,Kharif,35971,Hectare,4626.0,Tonnes,0.128603597
Karnataka,DHARWAD,Groundnut,2003-04,Rabi,1119,Hectare,1088.0,Tonnes,0.972296694
Karnataka,GADAG,Groundnut,2001-02,Kharif,55887,Hectare,19622.0,Tonnes,0.35110133
Karnataka,GADAG,Groundnut,2002-03,Kharif,59352,Hectare,13519.0,Tonnes,0.227776655
Karnataka,GADAG,Groundnut,2002-03,Rabi,4386,Hectare,3379.0,Tonnes,0.770405837
Karnataka,GADAG,Groundnut,2003-04,Kharif,30107,Hectare,3353.0,Tonnes,0.111369449
Karnataka,GADAG,Groundnut,2003-04,Rabi,5847,Hectare,3844.0,Tonnes,0.657431161
Karnataka,GULBARGA,Groundnut,2001-02,Kharif,63796,Hectare,50187.0,Tonnes,0.786679416
Karnataka,GULBARGA,Groundnut,2002-03,Kharif,26278,Hectare,15291.0,Tonnes,0.581893599
Karnataka,GULBARGA,Groundnut,2002-03,Rabi,37911,Hectare,47648.0,Tonnes,1.256838385
Karnataka,GULBARGA,Groundnut,2003-04,Kharif,26296,Hectare,17995.0,Tonnes,0.684324612
Karnataka,GULBARGA,Groundnut,2003-04,Rabi,34651,Hectare,31997.0,Tonnes,0.923407694
Karnataka,HASSAN,Groundnut,2001-02,Kharif,1897,Hectare,1274.0,Tonnes,0.671586716
Karnataka,HASSAN,Groundnut,2002-03,Kharif,590,Hectare,314.0,Tonnes,0.53220339
Karnataka,HASSAN,Groundnut,2002-03,Rabi,1776,Hectare,1569.0,Tonnes,0.883445946
Karnataka,HASSAN,Groundnut,2003-04,Kharif,256,Hectare,103.0,Tonnes,0.40234375
Karnataka,HASSAN,Groundnut,2003-04,Rabi,688,Hectare,669.0,Tonnes,0.972383721
Karnataka,HAVERI,Groundnut,2001-02,Kharif,23640,Hectare,13270.0,Tonnes,0.561336717
Karnataka,HAVERI,Groundnut,2002-03,Kharif,20724,Hectare,7885.0,Tonnes,0.380476742
Karnataka,HAVERI,Groundnut,2002-03,Rabi,3153,Hectare,3696.0,Tonnes,1.172216936
Karnataka,HAVERI,Groundnut,2003-04,Kharif,18533,Hectare,5928.0,Tonnes,0.319861868
Karnataka,HAVERI,Groundnut,2003-04,Rabi,5398,Hectare,5492.0,Tonnes,1.017413857
Karnataka,KODAGU,Groundnut,2001-02,Kharif,2,Hectare,1.0,Tonnes,0.5
Karnataka,KODAGU,Groundnut,2002-03,Kharif,3,Hectare,2.0,Tonnes,0.666666667
Karnataka,KODAGU,Groundnut,2003-04,Kharif,2,Hectare,1.0,Tonnes,0.5
Karnataka,KOLAR,Groundnut,2001-02,Kharif,54751,Hectare,30857.0,Tonnes,0.56358788
Karnataka,KOLAR,Groundnut,2002-03,Kharif,33281,Hectare,10445.0,Tonnes,0.313842733
Karnataka,KOLAR,Groundnut,2002-03,Rabi,209,Hectare,227.0,Tonnes,1.086124402
Karnataka,KOLAR,Groundnut,2003-04,Kharif,43008,Hectare,30706.0,Tonnes,0.713960194
Karnataka,KOLAR,Groundnut,2003-04,Rabi,225,Hectare,219.0,Tonnes,0.973333333
Karnataka,KOPPAL,Groundnut,2001-02,Kharif,47029,Hectare,43902.0,Tonnes,0.933509111
Karnataka,KOPPAL,Groundnut,2002-03,Kharif,30680,Hectare,10837.0,Tonnes,0.353226858
Karnataka,KOPPAL,Groundnut,2002-03,Rabi,14398,Hectare,12721.0,Tonnes,0.88352549
Karnataka,KOPPAL,Groundnut,2003-04,Kharif,26530,Hectare,13614.0,Tonnes,0.513154919
Karnataka,KOPPAL,Groundnut,2003-04,Rabi,16907,Hectare,15082.0,Tonnes,0.892056545
Karnataka,MANDYA,Groundnut,2001-02,Kharif,5785,Hectare,4537.0,Tonnes,0.784269663
Karnataka,MANDYA,Groundnut,2002-03,Kharif,1977,Hectare,1707.0,Tonnes,0.863429439
Karnataka,MANDYA,Groundnut,2002-03,Rabi,27,Hectare,30.0,Tonnes,1.111111111
Karnataka,MANDYA,Groundnut,2003-04,Kharif,2726,Hectare,3194.0,Tonnes,1.171680117
Karnataka,MANDYA,Groundnut,2003-04,Rabi,50,Hectare,49.0,Tonnes,0.98
Karnataka,MYSORE,Groundnut,2001-02,Kharif,7817,Hectare,6958.0,Tonnes,0.890111296
Karnataka,MYSORE,Groundnut,2002-03,Kharif,6041,Hectare,4563.0,Tonnes,0.75533852
Karnataka,MYSORE,Groundnut,2002-03,Rabi,255,Hectare,333.0,Tonnes,1.305882353
Karnataka,MYSORE,Groundnut,2003-04,Kharif,4965,Hectare,2933.0,Tonnes,0.590735146
Karnataka,MYSORE,Groundnut,2003-04,Rabi,43,Hectare,42.0,Tonnes,0.976744186
Karnataka,RAICHUR,Groundnut,2001-02,Kharif,40392,Hectare,28282.0,Tonnes,0.700188156
Karnataka,RAICHUR,Groundnut,2002-03,Kharif,26591,Hectare,10245.0,Tonnes,0.385280734
Karnataka,RAICHUR,Groundnut,2002-03,Rabi,15674,Hectare,18940.0,Tonnes,1.20837055
Karnataka,RAICHUR,Groundnut,2003-04,Kharif,20561,Hectare,10247.0,Tonnes,0.498370702
Karnataka,RAICHUR,Groundnut,2003-04,Rabi,15973,Hectare,14385.0,Tonnes,0.900582233
Karnataka,SHIMOGA,Groundnut,2001-02,Kharif,2535,Hectare,2251.0,Tonnes,0.887968442
Karnataka,SHIMOGA,Groundnut,2002-03,Kharif,1682,Hectare,1449.0,Tonnes,0.861474435
Karnataka,SHIMOGA,Groundnut,2002-03,Rabi,1227,Hectare,1489.0,Tonnes,1.213528932
Karnataka,SHIMOGA,Groundnut,2003-04,Kharif,1812,Hectare,1622.0,Tonnes,0.895143488
Karnataka,SHIMOGA,Groundnut,2003-04,Rabi,2476,Hectare,2408.0,Tonnes,0.972536349
Karnataka,TUMKUR,Groundnut,2001-02,Kharif,140165,Hectare,53139.0,Tonnes,0.379117469
Karnataka,TUMKUR,Groundnut,2002-03,Kharif,116447,Hectare,62636.0,Tonnes,0.537892775
Karnataka,TUMKUR,Groundnut,2002-03,Rabi,3367,Hectare,4641.0,Tonnes,1.378378378
Karnataka,TUMKUR,Groundnut,2003-04,Kharif,137987,Hectare,42297.0,Tonnes,0.306528876
Karnataka,TUMKUR,Groundnut,2003-04,Rabi,3228,Hectare,3530.0,Tonnes,1.093556382
Karnataka,UDUPI,Groundnut,2001-02,Kharif,2313,Hectare,4247.0,Tonnes,1.836143537
Karnataka,UDUPI,Groundnut,2002-03,Rabi,2188,Hectare,3290.0,Tonnes,1.503656307
Karnataka,UDUPI,Groundnut,2003-04,Rabi,1998,Hectare,3138.0,Tonnes,1.570570571
Karnataka,UTTAR KANNAD,Groundnut,2001-02,Kharif,3257,Hectare,5166.0,Tonnes,1.586122198
Karnataka,UTTAR KANNAD,Groundnut,2002-03,Kharif,635,Hectare,338.0,Tonnes,0.532283465
Karnataka,UTTAR KANNAD,Groundnut,2002-03,Rabi,2851,Hectare,5136.0,Tonnes,1.801473167
Karnataka,UTTAR KANNAD,Groundnut,2003-04,Kharif,622,Hectare,251.0,Tonnes,0.403536978
Karnataka,UTTAR KANNAD,Groundnut,2003-04,Rabi,3013,Hectare,4688.0,Tonnes,1.555924328
Karnataka,BAGALKOT,Horse-gram,2001-02,Kharif,1370,Hectare,1606.0,Tonnes,1.172262774
Karnataka,BAGALKOT,Horse-gram,2001-02,Rabi,9429,Hectare,5554.0,Tonnes,0.589033832
Karnataka,BAGALKOT,Horse-gram,2002-03,Kharif,2660,Hectare,2075.0,Tonnes,0.780075188
Karnataka,BAGALKOT,Horse-gram,2002-03,Rabi,4254,Hectare,1689.0,Tonnes,0.397038082
Karnataka,BAGALKOT,Horse-gram,2003-04,Kharif,437,Hectare,112.0,Tonnes,0.256292906
Karnataka,BAGALKOT,Horse-gram,2003-04,Rabi,2879,Hectare,230.0,Tonnes,0.07988885
Karnataka,BANGALORE RURAL,Horse-gram,2001-02,Kharif,7256,Hectare,4701.0,Tonnes,0.647877619
Karnataka,BANGALORE RURAL,Horse-gram,2001-02,Rabi,2652,Hectare,2363.0,Tonnes,0.891025641
Karnataka,BANGALORE RURAL,Horse-gram,2002-03,Kharif,11091,Hectare,6828.0,Tonnes,0.615634298
Karnataka,BANGALORE RURAL,Horse-gram,2002-03,Rabi,3456,Hectare,1395.0,Tonnes,0.403645833
Karnataka,BANGALORE RURAL,Horse-gram,2003-04,Kharif,9223,Hectare,6606.0,Tonnes,0.716252846
Karnataka,BANGALORE RURAL,Horse-gram,2003-04,Rabi,4369,Hectare,2810.0,Tonnes,0.643167773
Karnataka,BELGAUM,Horse-gram,2001-02,Kharif,5404,Hectare,1838.0,Tonnes,0.340118431
Karnataka,BELGAUM,Horse-gram,2001-02,Rabi,1768,Hectare,349.0,Tonnes,0.19739819
Karnataka,BELGAUM,Horse-gram,2002-03,Kharif,6345,Hectare,2001.0,Tonnes,0.31536643
Karnataka,BELGAUM,Horse-gram,2002-03,Rabi,2452,Hectare,974.0,Tonnes,0.397226754
Karnataka,BELGAUM,Horse-gram,2003-04,Kharif,2557,Hectare,445.0,Tonnes,0.174032069
Karnataka,BELGAUM,Horse-gram,2003-04,Rabi,1901,Hectare,112.0,Tonnes,0.05891636
Karnataka,BELLARY,Horse-gram,2001-02,Kharif,6645,Hectare,3731.0,Tonnes,0.561474793
Karnataka,BELLARY,Horse-gram,2001-02,Rabi,2122,Hectare,478.0,Tonnes,0.225259189
Karnataka,BELLARY,Horse-gram,2002-03,Kharif,6367,Hectare,1440.0,Tonnes,0.226166169
Karnataka,BELLARY,Horse-gram,2002-03,Rabi,443,Hectare,362.0,Tonnes,0.817155756
Karnataka,BELLARY,Horse-gram,2003-04,Kharif,8108,Hectare,1833.0,Tonnes,0.226073014
Karnataka,BELLARY,Horse-gram,2003-04,Rabi,697,Hectare,41.0,Tonnes,0.058823529
Karnataka,BENGALURU URBAN,Horse-gram,2001-02,Kharif,1086,Hectare,574.0,Tonnes,0.52854512
Karnataka,BENGALURU URBAN,Horse-gram,2001-02,Rabi,1190,Hectare,1060.0,Tonnes,0.890756303
Karnataka,BENGALURU URBAN,Horse-gram,2002-03,Kharif,2439,Hectare,1928.0,Tonnes,0.790487905
Karnataka,BENGALURU URBAN,Horse-gram,2002-03,Rabi,1502,Hectare,1266.0,Tonnes,0.842876165
Karnataka,BENGALURU URBAN,Horse-gram,2003-04,Kharif,781,Hectare,697.0,Tonnes,0.892445583
Karnataka,BENGALURU URBAN,Horse-gram,2003-04,Rabi,1160,Hectare,564.0,Tonnes,0.486206897
Karnataka,BIDAR,Horse-gram,2001-02,Kharif,55,Hectare,29.0,Tonnes,0.527272727
Karnataka,BIDAR,Horse-gram,2002-03,Kharif,46,Hectare,18.0,Tonnes,0.391304348
Karnataka,BIDAR,Horse-gram,2003-04,Kharif,36,Hectare,13.0,Tonnes,0.361111111
Karnataka,BIJAPUR,Horse-gram,2001-02,Kharif,5284,Hectare,1742.0,Tonnes,0.329674489
Karnataka,BIJAPUR,Horse-gram,2001-02,Rabi,4423,Hectare,1580.0,Tonnes,0.357223604
Karnataka,BIJAPUR,Horse-gram,2002-03,Kharif,9833,Hectare,2242.0,Tonnes,0.228007729
Karnataka,BIJAPUR,Horse-gram,2002-03,Rabi,3001,Hectare,2452.0,Tonnes,0.81706098
Karnataka,BIJAPUR,Horse-gram,2003-04,Kharif,6247,Hectare,1056.0,Tonnes,0.16904114
Karnataka,BIJAPUR,Horse-gram,2003-04,Rabi,1704,Hectare,100.0,Tonnes,0.058685446
Karnataka,CHAMARAJANAGAR,Horse-gram,2001-02,Kharif,2561,Hectare,1353.0,Tonnes,0.528309254
Karnataka,CHAMARAJANAGAR,Horse-gram,2001-02,Rabi,26730,Hectare,5180.0,Tonnes,0.193789749
Karnataka,CHAMARAJANAGAR,Horse-gram,2002-03,Kharif,2505,Hectare,980.0,Tonnes,0.391217565
Karnataka,CHAMARAJANAGAR,Horse-gram,2002-03,Rabi,26134,Hectare,5263.0,Tonnes,0.201385169
Karnataka,CHAMARAJANAGAR,Horse-gram,2003-04,Kharif,3427,Hectare,365.0,Tonnes,0.106507149
Karnataka,CHAMARAJANAGAR,Horse-gram,2003-04,Rabi,20641,Hectare,3000.0,Tonnes,0.145341796
Karnataka,CHIKMAGALUR,Horse-gram,2001-02,Kharif,2915,Hectare,1083.0,Tonnes,0.371526587
Karnataka,CHIKMAGALUR,Horse-gram,2001-02,Rabi,8922,Hectare,3000.0,Tonnes,0.336247478
Karnataka,CHIKMAGALUR,Horse-gram,2002-03,Kharif,1355,Hectare,741.0,Tonnes,0.546863469
Karnataka,CHIKMAGALUR,Horse-gram,2002-03,Rabi,8740,Hectare,4185.0,Tonnes,0.478832952
Karnataka,CHIKMAGALUR,Horse-gram,2003-04,Kharif,3361,Hectare,1411.0,Tonnes,0.419815531
Karnataka,CHIKMAGALUR,Horse-gram,2003-04,Rabi,5668,Hectare,1890.0,Tonnes,0.333450953
Karnataka,CHITRADURGA,Horse-gram,2001-02,Kharif,7558,Hectare,4436.0,Tonnes,0.586927759
Karnataka,CHITRADURGA,Horse-gram,2001-02,Rabi,4401,Hectare,991.0,Tonnes,0.225176096
Karnataka,CHITRADURGA,Horse-gram,2002-03,Kharif,8280,Hectare,4059.0,Tonnes,0.490217391
Karnataka,CHITRADURGA,Horse-gram,2002-03,Rabi,6691,Hectare,2085.0,Tonnes,0.311612614
Karnataka,CHITRADURGA,Horse-gram,2003-04,Kharif,8423,Hectare,4553.0,Tonnes,0.540543749
Karnataka,CHITRADURGA,Horse-gram,2003-04,Rabi,4592,Hectare,986.0,Tonnes,0.214721254
Karnataka,DAKSHIN KANNAD,Horse-gram,2001-02,Rabi,99,Hectare,35.0,Tonnes,0.353535354
Karnataka,DAKSHIN KANNAD,Horse-gram,2003-04,Rabi,114,Hectare,27.0,Tonnes,0.236842105
Karnataka,DAVANGERE,Horse-gram,2001-02,Kharif,1317,Hectare,759.0,Tonnes,0.576309795
Karnataka,DAVANGERE,Horse-gram,2001-02,Rabi,3860,Hectare,1309.0,Tonnes,0.339119171
Karnataka,DAVANGERE,Horse-gram,2002-03,Kharif,1621,Hectare,1281.0,Tonnes,0.79025293
Karnataka,DAVANGERE,Horse-gram,2002-03,Rabi,7352,Hectare,4673.0,Tonnes,0.635609358
Karnataka,DAVANGERE,Horse-gram,2003-04,Kharif,1203,Hectare,626.0,Tonnes,0.520365752
Karnataka,DAVANGERE,Horse-gram,2003-04,Rabi,7565,Hectare,4865.0,Tonnes,0.643093192
Karnataka,DHARWAD,Horse-gram,2001-02,Kharif,1470,Hectare,268.0,Tonnes,0.182312925
Karnataka,DHARWAD,Horse-gram,2001-02,Rabi,1605,Hectare,241.0,Tonnes,0.150155763
Karnataka,DHARWAD,Horse-gram,2002-03,Kharif,450,Hectare,351.0,Tonnes,0.78
Karnataka,DHARWAD,Horse-gram,2002-03,Rabi,4413,Hectare,608.0,Tonnes,0.137774756
Karnataka,DHARWAD,Horse-gram,2003-04,Kharif,504,Hectare,54.0,Tonnes,0.107142857
Karnataka,DHARWAD,Horse-gram,2003-04,Rabi,4179,Hectare,957.0,Tonnes,0.229002154
Karnataka,GADAG,Horse-gram,2001-02,Kharif,646,Hectare,341.0,Tonnes,0.527863777
Karnataka,GADAG,Horse-gram,2001-02,Rabi,760,Hectare,150.0,Tonnes,0.197368421
Karnataka,GADAG,Horse-gram,2002-03,Kharif,389,Hectare,152.0,Tonnes,0.390745501
Karnataka,GADAG,Horse-gram,2002-03,Rabi,1607,Hectare,1021.0,Tonnes,0.635345364
Karnataka,GADAG,Horse-gram,2003-04,Kharif,745,Hectare,261.0,Tonnes,0.350335571
Karnataka,GADAG,Horse-gram,2003-04,Rabi,1652,Hectare,391.0,Tonnes,0.236682809
Karnataka,GULBARGA,Horse-gram,2001-02,Kharif,1548,Hectare,818.0,Tonnes,0.528423773
Karnataka,GULBARGA,Horse-gram,2001-02,Rabi,1617,Hectare,548.0,Tonnes,0.338899196
Karnataka,GULBARGA,Horse-gram,2002-03,Kharif,1292,Hectare,323.0,Tonnes,0.25
Karnataka,GULBARGA,Horse-gram,2002-03,Rabi,1021,Hectare,212.0,Tonnes,0.207639569
Karnataka,GULBARGA,Horse-gram,2003-04,Kharif,1077,Hectare,281.0,Tonnes,0.260909935
Karnataka,GULBARGA,Horse-gram,2003-04,Rabi,1287,Hectare,295.0,Tonnes,0.229215229
Karnataka,HASSAN,Horse-gram,2001-02,Kharif,3890,Hectare,2380.0,Tonnes,0.611825193
Karnataka,HASSAN,Horse-gram,2001-02,Rabi,28949,Hectare,10781.0,Tonnes,0.372413555
Karnataka,HASSAN,Horse-gram,2002-03,Kharif,6896,Hectare,1336.0,Tonnes,0.193735499
Karnataka,HASSAN,Horse-gram,2002-03,Rabi,25827,Hectare,4809.0,Tonnes,0.186200488
Karnataka,HASSAN,Horse-gram,2003-04,Kharif,5109,Hectare,1335.0,Tonnes,0.261303582
Karnataka,HASSAN,Horse-gram,2003-04,Rabi,12428,Hectare,2810.0,Tonnes,0.22610235
Karnataka,HAVERI,Horse-gram,2001-02,Kharif,1301,Hectare,687.0,Tonnes,0.528055342
Karnataka,HAVERI,Horse-gram,2001-02,Rabi,5128,Hectare,1135.0,Tonnes,0.221333853
Karnataka,HAVERI,Horse-gram,2002-03,Kharif,580,Hectare,227.0,Tonnes,0.39137931
Karnataka,HAVERI,Horse-gram,2002-03,Rabi,7508,Hectare,2261.0,Tonnes,0.301145445
Karnataka,HAVERI,Horse-gram,2003-04,Kharif,464,Hectare,242.0,Tonnes,0.521551724
Karnataka,HAVERI,Horse-gram,2003-04,Rabi,8187,Hectare,1501.0,Tonnes,0.183339441
Karnataka,KODAGU,Horse-gram,2003-04,Rabi,166,Hectare,39.0,Tonnes,0.234939759
Karnataka,KOLAR,Horse-gram,2001-02,Kharif,1932,Hectare,1182.0,Tonnes,0.611801242
Karnataka,KOLAR,Horse-gram,2001-02,Rabi,6815,Hectare,2596.0,Tonnes,0.380924431
Karnataka,KOLAR,Horse-gram,2002-03,Kharif,6053,Hectare,1300.0,Tonnes,0.214769536
Karnataka,KOLAR,Horse-gram,2002-03,Rabi,14178,Hectare,3152.0,Tonnes,0.222316265
Karnataka,KOLAR,Horse-gram,2003-04,Kharif,1754,Hectare,450.0,Tonnes,0.256556442
Karnataka,KOLAR,Horse-gram,2003-04,Rabi,5911,Hectare,1690.0,Tonnes,0.28590763
Karnataka,KOPPAL,Horse-gram,2001-02,Kharif,14561,Hectare,2656.0,Tonnes,0.182405055
Karnataka,KOPPAL,Horse-gram,2001-02,Rabi,8324,Hectare,1313.0,Tonnes,0.157736665
Karnataka,KOPPAL,Horse-gram,2002-03,Kharif,4295,Hectare,653.0,Tonnes,0.152037253
Karnataka,KOPPAL,Horse-gram,2002-03,Rabi,3337,Hectare,694.0,Tonnes,0.207971232
Karnataka,KOPPAL,Horse-gram,2003-04,Kharif,10418,Hectare,3563.0,Tonnes,0.342004224
Karnataka,KOPPAL,Horse-gram,2003-04,Rabi,462,Hectare,43.0,Tonnes,0.093073593
Karnataka,MANDYA,Horse-gram,2001-02,Kharif,14523,Hectare,8402.0,Tonnes,0.578530607
Karnataka,MANDYA,Horse-gram,2001-02,Rabi,23017,Hectare,11349.0,Tonnes,0.493070339
Karnataka,MANDYA,Horse-gram,2002-03,Kharif,7502,Hectare,2445.0,Tonnes,0.32591309
Karnataka,MANDYA,Horse-gram,2002-03,Rabi,24686,Hectare,6496.0,Tonnes,0.263145103
Karnataka,MANDYA,Horse-gram,2003-04,Kharif,4554,Hectare,1220.0,Tonnes,0.267896355
Karnataka,MANDYA,Horse-gram,2003-04,Rabi,30680,Hectare,7170.0,Tonnes,0.233702738
Karnataka,MYSORE,Horse-gram,2001-02,Kharif,35698,Hectare,29538.0,Tonnes,0.827441313
Karnataka,MYSORE,Horse-gram,2001-02,Rabi,24566,Hectare,10805.0,Tonnes,0.439835545
Karnataka,MYSORE,Horse-gram,2002-03,Kharif,19024,Hectare,8603.0,Tonnes,0.452218251
Karnataka,MYSORE,Horse-gram,2002-03,Rabi,41160,Hectare,9306.0,Tonnes,0.226093295
Karnataka,MYSORE,Horse-gram,2003-04,Kharif,14199,Hectare,3575.0,Tonnes,0.251778294
Karnataka,MYSORE,Horse-gram,2003-04,Rabi,38006,Hectare,6463.0,Tonnes,0.170052097
Karnataka,RAICHUR,Horse-gram,2001-02,Kharif,2448,Hectare,1293.0,Tonnes,0.528186275
Karnataka,RAICHUR,Horse-gram,2001-02,Rabi,2773,Hectare,437.0,Tonnes,0.157591057
Karnataka,RAICHUR,Horse-gram,2002-03,Kharif,2890,Hectare,722.0,Tonnes,0.24982699
Karnataka,RAICHUR,Horse-gram,2002-03,Rabi,1401,Hectare,359.0,Tonnes,0.256245539
Karnataka,RAICHUR,Horse-gram,2003-04,Kharif,1350,Hectare,144.0,Tonnes,0.106666667
Karnataka,RAICHUR,Horse-gram,2003-04,Rabi,1932,Hectare,195.0,Tonnes,0.100931677
Karnataka,SHIMOGA,Horse-gram,2001-02,Kharif,1158,Hectare,430.0,Tonnes,0.371329879
Karnataka,SHIMOGA,Horse-gram,2001-02,Rabi,404,Hectare,144.0,Tonnes,0.356435644
Karnataka,SHIMOGA,Horse-gram,2002-03,Kharif,992,Hectare,491.0,Tonnes,0.494959677
Karnataka,SHIMOGA,Horse-gram,2002-03,Rabi,107,Hectare,31.0,Tonnes,0.289719626
Karnataka,SHIMOGA,Horse-gram,2003-04,Kharif,808,Hectare,283.0,Tonnes,0.350247525
Karnataka,SHIMOGA,Horse-gram,2003-04,Rabi,108,Hectare,26.0,Tonnes,0.240740741
Karnataka,TUMKUR,Horse-gram,2001-02,Kharif,34425,Hectare,12002.0,Tonnes,0.348641975
Karnataka,TUMKUR,Horse-gram,2001-02,Rabi,15649,Hectare,3999.0,Tonnes,0.255543485
Karnataka,TUMKUR,Horse-gram,2002-03,Kharif,29952,Hectare,11752.0,Tonnes,0.392361111
Karnataka,TUMKUR,Horse-gram,2002-03,Rabi,10964,Hectare,2291.0,Tonnes,0.208956585
Karnataka,TUMKUR,Horse-gram,2003-04,Kharif,24126,Hectare,9076.0,Tonnes,0.37619166
Karnataka,TUMKUR,Horse-gram,2003-04,Rabi,6920,Hectare,1709.0,Tonnes,0.246965318
Karnataka,UDUPI,Horse-gram,2001-02,Rabi,2578,Hectare,1533.0,Tonnes,0.594647013
Karnataka,UDUPI,Horse-gram,2002-03,Rabi,1591,Hectare,1647.0,Tonnes,1.035197989
Karnataka,UDUPI,Horse-gram,2003-04,Rabi,1298,Hectare,975.0,Tonnes,0.751155624
Karnataka,UTTAR KANNAD,Horse-gram,2001-02,Kharif,156,Hectare,82.0,Tonnes,0.525641026
Karnataka,UTTAR KANNAD,Horse-gram,2001-02,Rabi,295,Hectare,175.0,Tonnes,0.593220339
Karnataka,UTTAR KANNAD,Horse-gram,2002-03,Kharif,121,Hectare,47.0,Tonnes,0.388429752
Karnataka,UTTAR KANNAD,Horse-gram,2002-03,Rabi,305,Hectare,88.0,Tonnes,0.28852459
Karnataka,UTTAR KANNAD,Horse-gram,2003-04,Kharif,108,Hectare,38.0,Tonnes,0.351851852
Karnataka,UTTAR KANNAD,Horse-gram,2003-04,Rabi,197,Hectare,47.0,Tonnes,0.23857868
Karnataka,BAGALKOT,Jowar,2001-02,Kharif,6786,Hectare,12064.0,Tonnes,1.777777778
Karnataka,BAGALKOT,Jowar,2001-02,Rabi,170489,Hectare,125015.0,Tonnes,0.733273114
Karnataka,BAGALKOT,Jowar,2002-03,Kharif,5551,Hectare,9005.0,Tonnes,1.622230229
Karnataka,BAGALKOT,Jowar,2002-03,Rabi,157259,Hectare,98880.0,Tonnes,0.628771644
Karnataka,BAGALKOT,Jowar,2002-03,Summer,2,Hectare,2.0,Tonnes,1.0
Karnataka,BAGALKOT,Jowar,2003-04,Kharif,4339,Hectare,9345.0,Tonnes,2.153722056
Karnataka,BAGALKOT,Jowar,2003-04,Rabi,134368,Hectare,10766.0,Tonnes,0.080123244
Karnataka,BAGALKOT,Jowar,2003-04,Summer,37,Hectare,98.0,Tonnes,2.648648649
Karnataka,BELGAUM,Jowar,2001-02,Kharif,33844,Hectare,40781.0,Tonnes,1.204969862
Karnataka,BELGAUM,Jowar,2001-02,Rabi,151389,Hectare,78309.0,Tonnes,0.517270079
Karnataka,BELGAUM,Jowar,2001-02,Summer,84,Hectare,165.0,Tonnes,1.964285714
Karnataka,BELGAUM,Jowar,2002-03,Kharif,42061,Hectare,57637.0,Tonnes,1.370319298
Karnataka,BELGAUM,Jowar,2002-03,Rabi,156042,Hectare,67765.0,Tonnes,0.434274106
Karnataka,BELGAUM,Jowar,2002-03,Summer,43,Hectare,71.0,Tonnes,1.651162791
Karnataka,BELGAUM,Jowar,2003-04,Kharif,32556,Hectare,29673.0,Tonnes,0.911444895
Karnataka,BELGAUM,Jowar,2003-04,Rabi,209400,Hectare,24453.0,Tonnes,0.116776504
Karnataka,BELGAUM,Jowar,2003-04,Summer,118,Hectare,314.0,Tonnes,2.661016949
Karnataka,BELLARY,Jowar,2001-02,Kharif,41225,Hectare,60618.0,Tonnes,1.470418435
Karnataka,BELLARY,Jowar,2001-02,Rabi,48554,Hectare,58233.0,Tonnes,1.199345059
Karnataka,BELLARY,Jowar,2001-02,Summer,844,Hectare,1656.0,Tonnes,1.962085308
Karnataka,BELLARY,Jowar,2002-03,Kharif,41534,Hectare,41430.0,Tonnes,0.997496027
Karnataka,BELLARY,Jowar,2002-03,Rabi,24226,Hectare,12096.0,Tonnes,0.499298275
Karnataka,BELLARY,Jowar,2002-03,Summer,1426,Hectare,2723.0,Tonnes,1.909537167
Karnataka,BELLARY,Jowar,2003-04,Kharif,20430,Hectare,28900.0,Tonnes,1.414586393
Karnataka,BELLARY,Jowar,2003-04,Rabi,39277,Hectare,41863.0,Tonnes,1.065840059
Karnataka,BELLARY,Jowar,2003-04,Summer,876,Hectare,2497.0,Tonnes,2.850456621
Karnataka,BENGALURU URBAN,Jowar,2003-04,Kharif,253,Hectare,268.0,Tonnes,1.059288538
Karnataka,BIDAR,Jowar,2001-02,Kharif,69180,Hectare,97825.0,Tonnes,1.414064759
Karnataka,BIDAR,Jowar,2001-02,Rabi,29109,Hectare,14347.0,Tonnes,0.492871621
Karnataka,BIDAR,Jowar,2002-03,Kharif,69191,Hectare,108598.0,Tonnes,1.569539391
Karnataka,BIDAR,Jowar,2002-03,Rabi,32041,Hectare,13638.0,Tonnes,0.425642146
Karnataka,BIDAR,Jowar,2003-04,Kharif,65262,Hectare,93270.0,Tonnes,1.429162453
Karnataka,BIDAR,Jowar,2003-04,Rabi,30617,Hectare,8929.0,Tonnes,0.291635366
Karnataka,BIJAPUR,Jowar,2001-02,Kharif,265,Hectare,339.0,Tonnes,1.279245283
Karnataka,BIJAPUR,Jowar,2001-02,Rabi,321559,Hectare,237752.0,Tonnes,0.739372868
Karnataka,BIJAPUR,Jowar,2001-02,Summer,104,Hectare,204.0,Tonnes,1.961538462
Karnataka,BIJAPUR,Jowar,2002-03,Kharif,238,Hectare,457.0,Tonnes,1.920168067
Karnataka,BIJAPUR,Jowar,2002-03,Rabi,344126,Hectare,230764.0,Tonnes,0.670579962
Karnataka,BIJAPUR,Jowar,2002-03,Summer,2,Hectare,3.0,Tonnes,1.5
Karnataka,BIJAPUR,Jowar,2003-04,Kharif,103,Hectare,183.0,Tonnes,1.776699029
Karnataka,BIJAPUR,Jowar,2003-04,Rabi,228540,Hectare,105257.0,Tonnes,0.460562702
Karnataka,BIJAPUR,Jowar,2003-04,Summer,16,Hectare,43.0,Tonnes,2.6875
Karnataka,CHAMARAJANAGAR,Jowar,2001-02,Kharif,22443,Hectare,10912.0,Tonnes,0.486209509
Karnataka,CHAMARAJANAGAR,Jowar,2001-02,Summer,266,Hectare,522.0,Tonnes,1.962406015
Karnataka,CHAMARAJANAGAR,Jowar,2002-03,Kharif,19468,Hectare,4007.0,Tonnes,0.205824944
Karnataka,CHAMARAJANAGAR,Jowar,2002-03,Rabi,121,Hectare,85.0,Tonnes,0.702479339
Karnataka,CHAMARAJANAGAR,Jowar,2002-03,Summer,372,Hectare,615.0,Tonnes,1.653225806
Karnataka,CHAMARAJANAGAR,Jowar,2003-04,Kharif,16320,Hectare,2109.0,Tonnes,0.129227941
Karnataka,CHAMARAJANAGAR,Jowar,2003-04,Rabi,194,Hectare,121.0,Tonnes,0.62371134
Karnataka,CHAMARAJANAGAR,Jowar,2003-04,Summer,280,Hectare,745.0,Tonnes,2.660714286
Karnataka,CHIKMAGALUR,Jowar,2001-02,Kharif,5212,Hectare,3576.0,Tonnes,0.686108979
Karnataka,CHIKMAGALUR,Jowar,2001-02,Rabi,5078,Hectare,4395.0,Tonnes,0.865498228
Karnataka,CHIKMAGALUR,Jowar,2002-03,Kharif,5907,Hectare,3964.0,Tonnes,0.671068224
Karnataka,CHIKMAGALUR,Jowar,2002-03,Rabi,4630,Hectare,3019.0,Tonnes,0.652051836
Karnataka,CHIKMAGALUR,Jowar,2003-04,Kharif,4112,Hectare,1676.0,Tonnes,0.407587549
Karnataka,CHIKMAGALUR,Jowar,2003-04,Rabi,10745,Hectare,4308.0,Tonnes,0.400930665
Karnataka,CHITRADURGA,Jowar,2001-02,Kharif,12836,Hectare,18512.0,Tonnes,1.44219383
Karnataka,CHITRADURGA,Jowar,2001-02,Rabi,14732,Hectare,5856.0,Tonnes,0.397502036
Karnataka,CHITRADURGA,Jowar,2001-02,Summer,1204,Hectare,2362.0,Tonnes,1.96179402
Karnataka,CHITRADURGA,Jowar,2002-03,Kharif,13126,Hectare,14703.0,Tonnes,1.120143227
Karnataka,CHITRADURGA,Jowar,2002-03,Rabi,22088,Hectare,9888.0,Tonnes,0.44766389
Karnataka,CHITRADURGA,Jowar,2002-03,Summer,953,Hectare,1575.0,Tonnes,1.652675761
Karnataka,CHITRADURGA,Jowar,2003-04,Kharif,7564,Hectare,10694.0,Tonnes,1.413802221
Karnataka,CHITRADURGA,Jowar,2003-04,Rabi,30409,Hectare,7150.0,Tonnes,0.235127758
Karnataka,CHITRADURGA,Jowar,2003-04,Summer,947,Hectare,2519.0,Tonnes,2.659978881
Karnataka,DAVANGERE,Jowar,2001-02,Kharif,26197,Hectare,41960.0,Tonnes,1.601710119
Karnataka,DAVANGERE,Jowar,2001-02,Rabi,5641,Hectare,2851.0,Tonnes,0.505406843
Karnataka,DAVANGERE,Jowar,2001-02,Summer,1750,Hectare,3433.0,Tonnes,1.961714286
Karnataka,DAVANGERE,Jowar,2002-03,Kharif,25655,Hectare,41356.0,Tonnes,1.612005457
Karnataka,DAVANGERE,Jowar,2002-03,Rabi,7543,Hectare,4023.0,Tonnes,0.533342172
Karnataka,DAVANGERE,Jowar,2002-03,Summer,4785,Hectare,7273.0,Tonnes,1.519958203
Karnataka,DAVANGERE,Jowar,2003-04,Kharif,20698,Hectare,19854.0,Tonnes,0.959223113
Karnataka,DAVANGERE,Jowar,2003-04,Rabi,23542,Hectare,19284.0,Tonnes,0.819131765
Karnataka,DAVANGERE,Jowar,2003-04,Summer,2540,Hectare,6756.0,Tonnes,2.65984252
Karnataka,DHARWAD,Jowar,2001-02,Kharif,12286,Hectare,6979.0,Tonnes,0.568044929
Karnataka,DHARWAD,Jowar,2001-02,Rabi,45173,Hectare,14788.0,Tonnes,0.327363691
Karnataka,DHARWAD,Jowar,2002-03,Kharif,11734,Hectare,9331.0,Tonnes,0.795210499
Karnataka,DHARWAD,Jowar,2002-03,Rabi,42258,Hectare,13735.0,Tonnes,0.325027214
Karnataka,DHARWAD,Jowar,2003-04,Kharif,14425,Hectare,5667.0,Tonnes,0.392859619
Karnataka,DHARWAD,Jowar,2003-04,Rabi,58521,Hectare,2198.0,Tonnes,0.037559167
Karnataka,GADAG,Jowar,2001-02,Kharif,7518,Hectare,8698.0,Tonnes,1.156956637
Karnataka,GADAG,Jowar,2001-02,Rabi,69767,Hectare,29735.0,Tonnes,0.426204366
Karnataka,GADAG,Jowar,2001-02,Summer,5,Hectare,10.0,Tonnes,2.0
Karnataka,GADAG,Jowar,2002-03,Kharif,9439,Hectare,5929.0,Tonnes,0.628138574
Karnataka,GADAG,Jowar,2002-03,Rabi,78563,Hectare,22012.0,Tonnes,0.280182783
Karnataka,GADAG,Jowar,2002-03,Summer,1,Hectare,2.0,Tonnes,2.0
Karnataka,GADAG,Jowar,2003-04,Kharif,6841,Hectare,4315.0,Tonnes,0.630755738
Karnataka,GADAG,Jowar,2003-04,Rabi,86741,Hectare,7053.0,Tonnes,0.081311029
Karnataka,GADAG,Jowar,2003-04,Summer,217,Hectare,577.0,Tonnes,2.658986175
Karnataka,GULBARGA,Jowar,2001-02,Kharif,13099,Hectare,11994.0,Tonnes,0.915642416
Karnataka,GULBARGA,Jowar,2001-02,Rabi,350155,Hectare,264658.0,Tonnes,0.755830989
Karnataka,GULBARGA,Jowar,2001-02,Summer,105,Hectare,206.0,Tonnes,1.961904762
Karnataka,GULBARGA,Jowar,2002-03,Kharif,8490,Hectare,8070.0,Tonnes,0.950530035
Karnataka,GULBARGA,Jowar,2002-03,Rabi,308920,Hectare,239661.0,Tonnes,0.775802797
Karnataka,GULBARGA,Jowar,2002-03,Summer,30,Hectare,33.0,Tonnes,1.1
Karnataka,GULBARGA,Jowar,2003-04,Kharif,7143,Hectare,7273.0,Tonnes,1.018199636
Karnataka,GULBARGA,Jowar,2003-04,Rabi,285790,Hectare,165105.0,Tonnes,0.577714406
Karnataka,GULBARGA,Jowar,2003-04,Summer,21,Hectare,56.0,Tonnes,2.666666667
Karnataka,HASSAN,Jowar,2001-02,Kharif,1085,Hectare,1755.0,Tonnes,1.617511521
Karnataka,HASSAN,Jowar,2001-02,Rabi,1070,Hectare,663.0,Tonnes,0.619626168
Karnataka,HASSAN,Jowar,2002-03,Kharif,2837,Hectare,2014.0,Tonnes,0.709904829
Karnataka,HASSAN,Jowar,2002-03,Rabi,5041,Hectare,3295.0,Tonnes,0.653640151
Karnataka,HASSAN,Jowar,2003-04,Kharif,1770,Hectare,1064.0,Tonnes,0.601129944
Karnataka,HASSAN,Jowar,2003-04,Rabi,4035,Hectare,1574.0,Tonnes,0.390086741
Karnataka,HAVERI,Jowar,2001-02,Kharif,21539,Hectare,30522.0,Tonnes,1.417057431
Karnataka,HAVERI,Jowar,2001-02,Rabi,40961,Hectare,9429.0,Tonnes,0.230194575
Karnataka,HAVERI,Jowar,2001-02,Summer,474,Hectare,930.0,Tonnes,1.962025316
Karnataka,HAVERI,Jowar,2002-03,Kharif,24532,Hectare,30823.0,Tonnes,1.256440567
Karnataka,HAVERI,Jowar,2002-03,Rabi,54092,Hectare,7908.0,Tonnes,0.146195371
Karnataka,HAVERI,Jowar,2002-03,Summer,397,Hectare,656.0,Tonnes,1.652392947
Karnataka,HAVERI,Jowar,2003-04,Kharif,19795,Hectare,10977.0,Tonnes,0.554533973
Karnataka,HAVERI,Jowar,2003-04,Rabi,91552,Hectare,16779.0,Tonnes,0.183272894
Karnataka,HAVERI,Jowar,2003-04,Summer,466,Hectare,1240.0,Tonnes,2.660944206
Karnataka,KOPPAL,Jowar,2001-02,Kharif,8568,Hectare,13610.0,Tonnes,1.588468721
Karnataka,KOPPAL,Jowar,2001-02,Rabi,41606,Hectare,18787.0,Tonnes,0.45154545
Karnataka,KOPPAL,Jowar,2001-02,Summer,453,Hectare,889.0,Tonnes,1.962472406
Karnataka,KOPPAL,Jowar,2002-03,Kharif,23368,Hectare,14414.0,Tonnes,0.616826429
Karnataka,KOPPAL,Jowar,2002-03,Rabi,45155,Hectare,6645.0,Tonnes,0.147159783
Karnataka,KOPPAL,Jowar,2002-03,Summer,608,Hectare,1005.0,Tonnes,1.652960526
Karnataka,KOPPAL,Jowar,2003-04,Kharif,8981,Hectare,6022.0,Tonnes,0.670526667
Karnataka,KOPPAL,Jowar,2003-04,Rabi,44476,Hectare,6741.0,Tonnes,0.151564889
Karnataka,KOPPAL,Jowar,2003-04,Summer,439,Hectare,1168.0,Tonnes,2.660592255
Karnataka,MANDYA,Jowar,2001-02,Kharif,1796,Hectare,1211.0,Tonnes,0.674276169
Karnataka,MANDYA,Jowar,2002-03,Kharif,871,Hectare,503.0,Tonnes,0.57749713
Karnataka,MANDYA,Jowar,2002-03,Rabi,240,Hectare,100.0,Tonnes,0.416666667
Karnataka,MANDYA,Jowar,2002-03,Summer,15,Hectare,25.0,Tonnes,1.666666667
Karnataka,MANDYA,Jowar,2003-04,Kharif,535,Hectare,286.0,Tonnes,0.534579439
Karnataka,MANDYA,Jowar,2003-04,Rabi,145,Hectare,18.0,Tonnes,0.124137931
Karnataka,MYSORE,Jowar,2001-02,Kharif,13458,Hectare,9029.0,Tonnes,0.670902066
Karnataka,MYSORE,Jowar,2001-02,Rabi,991,Hectare,747.0,Tonnes,0.753784057
Karnataka,MYSORE,Jowar,2002-03,Kharif,10366,Hectare,4464.0,Tonnes,0.430638626
Karnataka,MYSORE,Jowar,2002-03,Rabi,1474,Hectare,1059.0,Tonnes,0.718453189
Karnataka,MYSORE,Jowar,2002-03,Summer,92,Hectare,127.0,Tonnes,1.380434783
Karnataka,MYSORE,Jowar,2003-04,Kharif,10369,Hectare,4631.0,Tonnes,0.446619732
Karnataka,MYSORE,Jowar,2003-04,Rabi,1499,Hectare,567.0,Tonnes,0.378252168
Karnataka,MYSORE,Jowar,2003-04,Summer,80,Hectare,190.0,Tonnes,2.375
Karnataka,RAICHUR,Jowar,2001-02,Kharif,1040,Hectare,1004.0,Tonnes,0.965384615
Karnataka,RAICHUR,Jowar,2001-02,Rabi,184291,Hectare,114503.0,Tonnes,0.621316288
Karnataka,RAICHUR,Jowar,2001-02,Summer,1038,Hectare,1829.0,Tonnes,1.762042389
Karnataka,RAICHUR,Jowar,2002-03,Kharif,1955,Hectare,1914.0,Tonnes,0.979028133
Karnataka,RAICHUR,Jowar,2002-03,Rabi,168277,Hectare,109308.0,Tonnes,0.649571837
Karnataka,RAICHUR,Jowar,2002-03,Summer,465,Hectare,1082.0,Tonnes,2.32688172
Karnataka,RAICHUR,Jowar,2003-04,Kharif,2264,Hectare,1448.0,Tonnes,0.639575972
Karnataka,RAICHUR,Jowar,2003-04,Rabi,157200,Hectare,98682.0,Tonnes,0.627748092
Karnataka,RAICHUR,Jowar,2003-04,Summer,913,Hectare,2429.0,Tonnes,2.660460022
Karnataka,SHIMOGA,Jowar,2001-02,Kharif,1122,Hectare,2166.0,Tonnes,1.930481283
Karnataka,SHIMOGA,Jowar,2001-02,Rabi,202,Hectare,113.0,Tonnes,0.559405941
Karnataka,SHIMOGA,Jowar,2001-02,Summer,87,Hectare,171.0,Tonnes,1.965517241
Karnataka,SHIMOGA,Jowar,2002-03,Kharif,767,Hectare,716.0,Tonnes,0.933507171
Karnataka,SHIMOGA,Jowar,2002-03,Rabi,93,Hectare,39.0,Tonnes,0.419354839
Karnataka,SHIMOGA,Jowar,2002-03,Summer,120,Hectare,198.0,Tonnes,1.65
Karnataka,SHIMOGA,Jowar,2003-04,Kharif,805,Hectare,852.0,Tonnes,1.058385093
Karnataka,SHIMOGA,Jowar,2003-04,Rabi,181,Hectare,56.0,Tonnes,0.309392265
Karnataka,SHIMOGA,Jowar,2003-04,Summer,54,Hectare,144.0,Tonnes,2.666666667
Karnataka,TUMKUR,Jowar,2001-02,Kharif,3699,Hectare,5654.0,Tonnes,1.528521222
Karnataka,TUMKUR,Jowar,2001-02,Rabi,319,Hectare,195.0,Tonnes,0.611285267
Karnataka,TUMKUR,Jowar,2001-02,Summer,4,Hectare,8.0,Tonnes,2.0
Karnataka,TUMKUR,Jowar,2002-03,Kharif,3276,Hectare,3799.0,Tonnes,1.15964591
Karnataka,TUMKUR,Jowar,2002-03,Rabi,4274,Hectare,2402.0,Tonnes,0.562002808
Karnataka,TUMKUR,Jowar,2003-04,Kharif,2528,Hectare,1591.0,Tonnes,0.629351266
Karnataka,TUMKUR,Jowar,2003-04,Rabi,6735,Hectare,1164.0,Tonnes,0.172828508
Karnataka,UTTAR KANNAD,Jowar,2001-02,Kharif,110,Hectare,94.0,Tonnes,0.854545455
Karnataka,UTTAR KANNAD,Jowar,2001-02,Rabi,3,Hectare,2.0,Tonnes,0.666666667
Karnataka,UTTAR KANNAD,Jowar,2002-03,Kharif,89,Hectare,38.0,Tonnes,0.426966292
Karnataka,UTTAR KANNAD,Jowar,2002-03,Rabi,3,Hectare,1.0,Tonnes,0.333333333
Karnataka,UTTAR KANNAD,Jowar,2002-03,Summer,5,Hectare,8.0,Tonnes,1.6
Karnataka,UTTAR KANNAD,Jowar,2003-04,Kharif,91,Hectare,52.0,Tonnes,0.571428571
Karnataka,UTTAR KANNAD,Jowar,2003-04,Rabi,19,Hectare,2.0,Tonnes,0.105263158
Karnataka,UTTAR KANNAD,Jowar,2003-04,Summer,3,Hectare,7.0,Tonnes,2.333333333
Karnataka,BAGALKOT,Linseed,2001-02,Rabi,6261,Hectare,2641.0,Tonnes,0.421817601
Karnataka,BAGALKOT,Linseed,2002-03,Rabi,4997,Hectare,2207.0,Tonnes,0.441664999
Karnataka,BAGALKOT,Linseed,2003-04,Rabi,3523,Hectare,264.0,Tonnes,0.074936134
Karnataka,BELGAUM,Linseed,2001-02,Rabi,2524,Hectare,571.0,Tonnes,0.226228209
Karnataka,BELGAUM,Linseed,2002-03,Rabi,2329,Hectare,436.0,Tonnes,0.187204809
Karnataka,BELGAUM,Linseed,2003-04,Rabi,1897,Hectare,373.0,Tonnes,0.196626252
Karnataka,BELLARY,Linseed,2001-02,Rabi,19,Hectare,6.0,Tonnes,0.315789474
Karnataka,BELLARY,Linseed,2002-03,Rabi,11,Hectare,4.0,Tonnes,0.363636364
Karnataka,BELLARY,Linseed,2003-04,Rabi,6,Hectare,0.0,Tonnes,0.0
Karnataka,BIDAR,Linseed,2001-02,Rabi,609,Hectare,204.0,Tonnes,0.33497537
Karnataka,BIDAR,Linseed,2002-03,Rabi,570,Hectare,200.0,Tonnes,0.350877193
Karnataka,BIDAR,Linseed,2003-04,Rabi,601,Hectare,46.0,Tonnes,0.076539102
Karnataka,BIJAPUR,Linseed,2001-02,Rabi,6271,Hectare,1829.0,Tonnes,0.291660022
Karnataka,BIJAPUR,Linseed,2002-03,Rabi,5006,Hectare,1831.0,Tonnes,0.365761087
Karnataka,BIJAPUR,Linseed,2003-04,Rabi,3324,Hectare,38.0,Tonnes,0.01143201
Karnataka,DAVANGERE,Linseed,2001-02,Rabi,3,Hectare,1.0,Tonnes,0.333333333
Karnataka,DAVANGERE,Linseed,2002-03,Rabi,3,Hectare,1.0,Tonnes,0.333333333
Karnataka,DAVANGERE,Linseed,2003-04,Rabi,2,Hectare,0.0,Tonnes,0.0
Karnataka,DHARWAD,Linseed,2001-02,Rabi,234,Hectare,78.0,Tonnes,0.333333333
Karnataka,DHARWAD,Linseed,2002-03,Rabi,234,Hectare,82.0,Tonnes,0.35042735
Karnataka,DHARWAD,Linseed,2003-04,Rabi,68,Hectare,5.0,Tonnes,0.073529412
Karnataka,GADAG,Linseed,2001-02,Rabi,979,Hectare,221.0,Tonnes,0.225740552
Karnataka,GADAG,Linseed,2002-03,Rabi,1051,Hectare,322.0,Tonnes,0.306374881
Karnataka,GADAG,Linseed,2003-04,Rabi,1014,Hectare,78.0,Tonnes,0.076923077
Karnataka,GULBARGA,Linseed,2001-02,Rabi,1081,Hectare,363.0,Tonnes,0.335800185
Karnataka,GULBARGA,Linseed,2002-03,Rabi,788,Hectare,277.0,Tonnes,0.351522843
Karnataka,GULBARGA,Linseed,2003-04,Rabi,485,Hectare,37.0,Tonnes,0.07628866
Karnataka,HAVERI,Linseed,2001-02,Rabi,74,Hectare,25.0,Tonnes,0.337837838
Karnataka,HAVERI,Linseed,2002-03,Rabi,45,Hectare,16.0,Tonnes,0.355555556
Karnataka,HAVERI,Linseed,2003-04,Rabi,33,Hectare,3.0,Tonnes,0.090909091
Karnataka,KOPPAL,Linseed,2001-02,Rabi,1389,Hectare,586.0,Tonnes,0.421886249
Karnataka,KOPPAL,Linseed,2002-03,Rabi,2013,Hectare,618.0,Tonnes,0.307004471
Karnataka,KOPPAL,Linseed,2003-04,Rabi,1784,Hectare,139.0,Tonnes,0.077914798
Karnataka,RAICHUR,Linseed,2001-02,Rabi,155,Hectare,52.0,Tonnes,0.335483871
Karnataka,RAICHUR,Linseed,2002-03,Rabi,334,Hectare,117.0,Tonnes,0.350299401
Karnataka,RAICHUR,Linseed,2003-04,Rabi,157,Hectare,12.0,Tonnes,0.076433121
Karnataka,SHIMOGA,Linseed,2001-02,Rabi,5,Hectare,2.0,Tonnes,0.4
Karnataka,SHIMOGA,Linseed,2002-03,Rabi,5,Hectare,2.0,Tonnes,0.4
Karnataka,SHIMOGA,Linseed,2003-04,Rabi,5,Hectare,0.0,Tonnes,0.0
Karnataka,UTTAR KANNAD,Linseed,2001-02,Rabi,7,Hectare,2.0,Tonnes,0.285714286
Karnataka,UTTAR KANNAD,Linseed,2002-03,Rabi,15,Hectare,5.0,Tonnes,0.333333333
Karnataka,UTTAR KANNAD,Linseed,2003-04,Rabi,10,Hectare,1.0,Tonnes,0.1
Karnataka,BAGALKOT,Maize,2001-02,Kharif,21340,Hectare,66431.0,Tonnes,3.112980319
Karnataka,BAGALKOT,Maize,2001-02,Rabi,15597,Hectare,43755.0,Tonnes,2.805347182
Karnataka,BAGALKOT,Maize,2001-02,Summer,1396,Hectare,4066.0,Tonnes,2.91260745
Karnataka,BAGALKOT,Maize,2002-03,Kharif,20026,Hectare,60945.0,Tonnes,3.043293718
Karnataka,BAGALKOT,Maize,2002-03,Rabi,9197,Hectare,31585.0,Tonnes,3.434272045
Karnataka,BAGALKOT,Maize,2002-03,Summer,1233,Hectare,4217.0,Tonnes,3.420113544
Karnataka,BAGALKOT,Maize,2003-04,Kharif,14493,Hectare,52889.0,Tonnes,3.649278962
Karnataka,BAGALKOT,Maize,2003-04,Rabi,11898,Hectare,32576.0,Tonnes,2.737939149
Karnataka,BAGALKOT,Maize,2003-04,Summer,1515,Hectare,3310.0,Tonnes,2.184818482
Karnataka,BANGALORE RURAL,Maize,2001-02,Kharif,5658,Hectare,23718.0,Tonnes,4.191940615
Karnataka,BANGALORE RURAL,Maize,2001-02,Rabi,37,Hectare,91.0,Tonnes,2.459459459
Karnataka,BANGALORE RURAL,Maize,2001-02,Summer,417,Hectare,1097.0,Tonnes,2.630695444
Karnataka,BANGALORE RURAL,Maize,2002-03,Kharif,4479,Hectare,14820.0,Tonnes,3.30877428
Karnataka,BANGALORE RURAL,Maize,2002-03,Rabi,196,Hectare,502.0,Tonnes,2.56122449
Karnataka,BANGALORE RURAL,Maize,2002-03,Summer,105,Hectare,268.0,Tonnes,2.552380952
Karnataka,BANGALORE RURAL,Maize,2003-04,Kharif,6968,Hectare,32208.0,Tonnes,4.622273249
Karnataka,BANGALORE RURAL,Maize,2003-04,Rabi,100,Hectare,230.0,Tonnes,2.3
Karnataka,BANGALORE RURAL,Maize,2003-04,Summer,103,Hectare,259.0,Tonnes,2.514563107
Karnataka,BELGAUM,Maize,2001-02,Kharif,64163,Hectare,130967.0,Tonnes,2.041160794
Karnataka,BELGAUM,Maize,2001-02,Rabi,32666,Hectare,71660.0,Tonnes,2.193718239
Karnataka,BELGAUM,Maize,2001-02,Summer,2299,Hectare,5225.0,Tonnes,2.272727273
Karnataka,BELGAUM,Maize,2002-03,Kharif,66243,Hectare,131002.0,Tonnes,1.977597633
Karnataka,BELGAUM,Maize,2002-03,Rabi,24130,Hectare,53723.0,Tonnes,2.226398674
Karnataka,BELGAUM,Maize,2002-03,Summer,1851,Hectare,4023.0,Tonnes,2.173419773
Karnataka,BELGAUM,Maize,2003-04,Kharif,41927,Hectare,104882.0,Tonnes,2.501538388
Karnataka,BELGAUM,Maize,2003-04,Rabi,29555,Hectare,50205.0,Tonnes,1.698697344
Karnataka,BELGAUM,Maize,2003-04,Summer,1440,Hectare,3589.0,Tonnes,2.492361111
Karnataka,BELLARY,Maize,2001-02,Kharif,43231,Hectare,140539.0,Tonnes,3.250884782
Karnataka,BELLARY,Maize,2001-02,Rabi,1325,Hectare,3077.0,Tonnes,2.322264151
Karnataka,BELLARY,Maize,2001-02,Summer,295,Hectare,776.0,Tonnes,2.630508475
Karnataka,BELLARY,Maize,2002-03,Kharif,56536,Hectare,128078.0,Tonnes,2.265423801
Karnataka,BELLARY,Maize,2002-03,Rabi,2592,Hectare,6539.0,Tonnes,2.522762346
Karnataka,BELLARY,Maize,2002-03,Summer,748,Hectare,1912.0,Tonnes,2.556149733
Karnataka,BELLARY,Maize,2003-04,Kharif,58068,Hectare,159871.0,Tonnes,2.753168699
Karnataka,BELLARY,Maize,2003-04,Rabi,2410,Hectare,5109.0,Tonnes,2.119917012
Karnataka,BELLARY,Maize,2003-04,Summer,576,Hectare,1450.0,Tonnes,2.517361111
Karnataka,BENGALURU URBAN,Maize,2001-02,Kharif,767,Hectare,2100.0,Tonnes,2.737940026
Karnataka,BENGALURU URBAN,Maize,2001-02,Rabi,40,Hectare,99.0,Tonnes,2.475
Karnataka,BENGALURU URBAN,Maize,2001-02,Summer,118,Hectare,310.0,Tonnes,2.627118644
Karnataka,BENGALURU URBAN,Maize,2002-03,Kharif,512,Hectare,1278.0,Tonnes,2.49609375
Karnataka,BENGALURU URBAN,Maize,2002-03,Rabi,125,Hectare,320.0,Tonnes,2.56
Karnataka,BENGALURU URBAN,Maize,2002-03,Summer,87,Hectare,222.0,Tonnes,2.551724138
Karnataka,BENGALURU URBAN,Maize,2003-04,Kharif,601,Hectare,1832.0,Tonnes,3.048252912
Karnataka,BENGALURU URBAN,Maize,2003-04,Rabi,34,Hectare,78.0,Tonnes,2.294117647
Karnataka,BENGALURU URBAN,Maize,2003-04,Summer,42,Hectare,106.0,Tonnes,2.523809524
Karnataka,BIDAR,Maize,2001-02,Kharif,241,Hectare,415.0,Tonnes,1.721991701
Karnataka,BIDAR,Maize,2001-02,Rabi,36,Hectare,68.0,Tonnes,1.888888889
Karnataka,BIDAR,Maize,2002-03,Kharif,267,Hectare,386.0,Tonnes,1.445692884
Karnataka,BIDAR,Maize,2002-03,Rabi,89,Hectare,145.0,Tonnes,1.629213483
Karnataka,BIDAR,Maize,2003-04,Kharif,433,Hectare,653.0,Tonnes,1.508083141
Karnataka,BIDAR,Maize,2003-04,Rabi,92,Hectare,112.0,Tonnes,1.217391304
Karnataka,BIJAPUR,Maize,2001-02,Kharif,3310,Hectare,6986.0,Tonnes,2.110574018
Karnataka,BIJAPUR,Maize,2001-02,Rabi,5812,Hectare,12641.0,Tonnes,2.174982794
Karnataka,BIJAPUR,Maize,2001-02,Summer,1260,Hectare,3314.0,Tonnes,2.63015873
Karnataka,BIJAPUR,Maize,2002-03,Kharif,6193,Hectare,13395.0,Tonnes,2.162925884
Karnataka,BIJAPUR,Maize,2002-03,Rabi,5606,Hectare,13495.0,Tonnes,2.40724224
Karnataka,BIJAPUR,Maize,2002-03,Summer,1202,Hectare,2855.0,Tonnes,2.375207987
Karnataka,BIJAPUR,Maize,2003-04,Kharif,4262,Hectare,11570.0,Tonnes,2.71468794
Karnataka,BIJAPUR,Maize,2003-04,Rabi,4453,Hectare,8706.0,Tonnes,1.955086459
Karnataka,BIJAPUR,Maize,2003-04,Summer,842,Hectare,1880.0,Tonnes,2.232779097
Karnataka,CHAMARAJANAGAR,Maize,2001-02,Kharif,13134,Hectare,33852.0,Tonnes,2.577432618
Karnataka,CHAMARAJANAGAR,Maize,2001-02,Rabi,2495,Hectare,5560.0,Tonnes,2.228456914
Karnataka,CHAMARAJANAGAR,Maize,2001-02,Summer,408,Hectare,1073.0,Tonnes,2.629901961
Karnataka,CHAMARAJANAGAR,Maize,2002-03,Kharif,13403,Hectare,36349.0,Tonnes,2.712004775
Karnataka,CHAMARAJANAGAR,Maize,2002-03,Rabi,1610,Hectare,4120.0,Tonnes,2.559006211
Karnataka,CHAMARAJANAGAR,Maize,2002-03,Summer,1000,Hectare,2556.0,Tonnes,2.556
Karnataka,CHAMARAJANAGAR,Maize,2003-04,Kharif,16561,Hectare,25387.0,Tonnes,1.532938832
Karnataka,CHAMARAJANAGAR,Maize,2003-04,Rabi,3804,Hectare,3948.0,Tonnes,1.03785489
Karnataka,CHAMARAJANAGAR,Maize,2003-04,Summer,573,Hectare,1279.0,Tonnes,2.232111693
Karnataka,CHIKMAGALUR,Maize,2001-02,Kharif,505,Hectare,1200.0,Tonnes,2.376237624
Karnataka,CHIKMAGALUR,Maize,2002-03,Kharif,810,Hectare,1397.0,Tonnes,1.724691358
Karnataka,CHIKMAGALUR,Maize,2003-04,Kharif,637,Hectare,946.0,Tonnes,1.485086342
Karnataka,CHITRADURGA,Maize,2001-02,Kharif,47846,Hectare,129870.0,Tonnes,2.714333487
Karnataka,CHITRADURGA,Maize,2001-02,Rabi,1277,Hectare,3119.0,Tonnes,2.442443226
Karnataka,CHITRADURGA,Maize,2001-02,Summer,113,Hectare,297.0,Tonnes,2.628318584
Karnataka,CHITRADURGA,Maize,2002-03,Kharif,46717,Hectare,73874.0,Tonnes,1.581308731
Karnataka,CHITRADURGA,Maize,2002-03,Rabi,1767,Hectare,4522.0,Tonnes,2.559139785
Karnataka,CHITRADURGA,Maize,2002-03,Summer,155,Hectare,396.0,Tonnes,2.55483871
Karnataka,CHITRADURGA,Maize,2003-04,Kharif,22938,Hectare,24500.0,Tonnes,1.068096608
Karnataka,CHITRADURGA,Maize,2003-04,Rabi,3311,Hectare,6671.0,Tonnes,2.014799154
Karnataka,CHITRADURGA,Maize,2003-04,Summer,104,Hectare,252.0,Tonnes,2.423076923
Karnataka,DAVANGERE,Maize,2001-02,Kharif,122428,Hectare,265644.0,Tonnes,2.169797759
Karnataka,DAVANGERE,Maize,2001-02,Rabi,71,Hectare,148.0,Tonnes,2.084507042
Karnataka,DAVANGERE,Maize,2001-02,Summer,62,Hectare,163.0,Tonnes,2.629032258
Karnataka,DAVANGERE,Maize,2002-03,Kharif,129202,Hectare,197179.0,Tonnes,1.526129626
Karnataka,DAVANGERE,Maize,2002-03,Rabi,47,Hectare,119.0,Tonnes,2.531914894
Karnataka,DAVANGERE,Maize,2002-03,Summer,250,Hectare,639.0,Tonnes,2.556
Karnataka,DAVANGERE,Maize,2003-04,Kharif,110680,Hectare,156104.0,Tonnes,1.410408385
Karnataka,DAVANGERE,Maize,2003-04,Rabi,216,Hectare,473.0,Tonnes,2.189814815
Karnataka,DAVANGERE,Maize,2003-04,Summer,15,Hectare,38.0,Tonnes,2.533333333
Karnataka,DHARWAD,Maize,2001-02,Kharif,9202,Hectare,14538.0,Tonnes,1.57987394
Karnataka,DHARWAD,Maize,2001-02,Rabi,81,Hectare,191.0,Tonnes,2.358024691
Karnataka,DHARWAD,Maize,2001-02,Summer,33,Hectare,87.0,Tonnes,2.636363636
Karnataka,DHARWAD,Maize,2002-03,Kharif,12646,Hectare,24994.0,Tonnes,1.976435236
Karnataka,DHARWAD,Maize,2002-03,Rabi,178,Hectare,446.0,Tonnes,2.505617978
Karnataka,DHARWAD,Maize,2002-03,Summer,59,Hectare,151.0,Tonnes,2.559322034
Karnataka,DHARWAD,Maize,2003-04,Kharif,9146,Hectare,10001.0,Tonnes,1.09348349
Karnataka,DHARWAD,Maize,2003-04,Rabi,349,Hectare,797.0,Tonnes,2.283667622
Karnataka,DHARWAD,Maize,2003-04,Summer,99,Hectare,249.0,Tonnes,2.515151515
Karnataka,GADAG,Maize,2001-02,Kharif,9272,Hectare,14150.0,Tonnes,1.526100086
Karnataka,GADAG,Maize,2001-02,Rabi,863,Hectare,2120.0,Tonnes,2.456546929
Karnataka,GADAG,Maize,2001-02,Summer,62,Hectare,163.0,Tonnes,2.629032258
Karnataka,GADAG,Maize,2002-03,Kharif,18515,Hectare,26563.0,Tonnes,1.434674588
Karnataka,GADAG,Maize,2002-03,Rabi,1170,Hectare,1625.0,Tonnes,1.388888889
Karnataka,GADAG,Maize,2002-03,Summer,430,Hectare,596.0,Tonnes,1.386046512
Karnataka,GADAG,Maize,2003-04,Kharif,7059,Hectare,18614.0,Tonnes,2.63691741
Karnataka,GADAG,Maize,2003-04,Rabi,1215,Hectare,2707.0,Tonnes,2.227983539
Karnataka,GADAG,Maize,2003-04,Summer,45,Hectare,113.0,Tonnes,2.511111111
Karnataka,GULBARGA,Maize,2001-02,Kharif,1685,Hectare,4135.0,Tonnes,2.454005935
Karnataka,GULBARGA,Maize,2001-02,Rabi,119,Hectare,277.0,Tonnes,2.327731092
Karnataka,GULBARGA,Maize,2001-02,Summer,235,Hectare,618.0,Tonnes,2.629787234
Karnataka,GULBARGA,Maize,2002-03,Kharif,1832,Hectare,3741.0,Tonnes,2.042030568
Karnataka,GULBARGA,Maize,2002-03,Rabi,108,Hectare,276.0,Tonnes,2.555555556
Karnataka,GULBARGA,Maize,2002-03,Summer,260,Hectare,657.0,Tonnes,2.526923077
Karnataka,GULBARGA,Maize,2003-04,Kharif,2132,Hectare,4459.0,Tonnes,2.091463415
Karnataka,GULBARGA,Maize,2003-04,Rabi,128,Hectare,295.0,Tonnes,2.3046875
Karnataka,GULBARGA,Maize,2003-04,Summer,308,Hectare,775.0,Tonnes,2.516233766
Karnataka,HASSAN,Maize,2001-02,Kharif,12840,Hectare,53488.0,Tonnes,4.165732087
Karnataka,HASSAN,Maize,2001-02,Rabi,2172,Hectare,4215.0,Tonnes,1.940607735
Karnataka,HASSAN,Maize,2001-02,Summer,95,Hectare,250.0,Tonnes,2.631578947
Karnataka,HASSAN,Maize,2002-03,Kharif,16137,Hectare,51034.0,Tonnes,3.162545702
Karnataka,HASSAN,Maize,2002-03,Rabi,2972,Hectare,7353.0,Tonnes,2.474091521
Karnataka,HASSAN,Maize,2002-03,Summer,55,Hectare,141.0,Tonnes,2.563636364
Karnataka,HASSAN,Maize,2003-04,Kharif,20683,Hectare,36743.0,Tonnes,1.776483102
Karnataka,HASSAN,Maize,2003-04,Rabi,1141,Hectare,1498.0,Tonnes,1.312883436
Karnataka,HASSAN,Maize,2003-04,Summer,95,Hectare,239.0,Tonnes,2.515789474
Karnataka,HAVERI,Maize,2001-02,Kharif,80490,Hectare,187534.0,Tonnes,2.329904336
Karnataka,HAVERI,Maize,2001-02,Rabi,927,Hectare,2167.0,Tonnes,2.337648328
Karnataka,HAVERI,Maize,2001-02,Summer,574,Hectare,1510.0,Tonnes,2.630662021
Karnataka,HAVERI,Maize,2002-03,Kharif,103154,Hectare,206334.0,Tonnes,2.00025205
Karnataka,HAVERI,Maize,2002-03,Rabi,870,Hectare,2225.0,Tonnes,2.557471264
Karnataka,HAVERI,Maize,2002-03,Summer,466,Hectare,1191.0,Tonnes,2.555793991
Karnataka,HAVERI,Maize,2003-04,Kharif,108212,Hectare,115966.0,Tonnes,1.071655639
Karnataka,HAVERI,Maize,2003-04,Rabi,1369,Hectare,2999.0,Tonnes,2.19065011
Karnataka,HAVERI,Maize,2003-04,Summer,500,Hectare,1259.0,Tonnes,2.518
Karnataka,KODAGU,Maize,2001-02,Kharif,2334,Hectare,10018.0,Tonnes,4.292202228
Karnataka,KODAGU,Maize,2001-02,Summer,30,Hectare,79.0,Tonnes,2.633333333
Karnataka,KODAGU,Maize,2002-03,Kharif,2430,Hectare,9776.0,Tonnes,4.023045267
Karnataka,KODAGU,Maize,2002-03,Summer,36,Hectare,91.0,Tonnes,2.527777778
Karnataka,KODAGU,Maize,2003-04,Kharif,2347,Hectare,10551.0,Tonnes,4.495526204
Karnataka,KODAGU,Maize,2003-04,Summer,35,Hectare,88.0,Tonnes,2.514285714
Karnataka,KOLAR,Maize,2001-02,Kharif,15429,Hectare,22856.0,Tonnes,1.481366258
Karnataka,KOLAR,Maize,2001-02,Rabi,63,Hectare,155.0,Tonnes,2.46031746
Karnataka,KOLAR,Maize,2001-02,Summer,804,Hectare,2115.0,Tonnes,2.630597015
Karnataka,KOLAR,Maize,2002-03,Kharif,15647,Hectare,18642.0,Tonnes,1.191410494
Karnataka,KOLAR,Maize,2002-03,Rabi,657,Hectare,1681.0,Tonnes,2.558599696
Karnataka,KOLAR,Maize,2002-03,Summer,598,Hectare,1528.0,Tonnes,2.555183946
Karnataka,KOLAR,Maize,2003-04,Kharif,25698,Hectare,53583.0,Tonnes,2.085103899
Karnataka,KOLAR,Maize,2003-04,Rabi,339,Hectare,781.0,Tonnes,2.303834808
Karnataka,KOLAR,Maize,2003-04,Summer,293,Hectare,738.0,Tonnes,2.518771331
Karnataka,KOPPAL,Maize,2001-02,Kharif,9936,Hectare,32259.0,Tonnes,3.246678744
Karnataka,KOPPAL,Maize,2001-02,Rabi,617,Hectare,1520.0,Tonnes,2.463533225
Karnataka,KOPPAL,Maize,2001-02,Summer,128,Hectare,337.0,Tonnes,2.6328125
Karnataka,KOPPAL,Maize,2002-03,Kharif,9853,Hectare,21330.0,Tonnes,2.164822897
Karnataka,KOPPAL,Maize,2002-03,Rabi,934,Hectare,2387.0,Tonnes,2.555674518
Karnataka,KOPPAL,Maize,2002-03,Summer,699,Hectare,1786.0,Tonnes,2.555078684
Karnataka,KOPPAL,Maize,2003-04,Kharif,14670,Hectare,36123.0,Tonnes,2.462372188
Karnataka,KOPPAL,Maize,2003-04,Rabi,414,Hectare,908.0,Tonnes,2.193236715
Karnataka,KOPPAL,Maize,2003-04,Summer,550,Hectare,1385.0,Tonnes,2.518181818
Karnataka,MANDYA,Maize,2002-03,Kharif,2726,Hectare,4704.0,Tonnes,1.725605282
Karnataka,MANDYA,Maize,2002-03,Rabi,245,Hectare,627.0,Tonnes,2.559183673
Karnataka,MANDYA,Maize,2002-03,Summer,241,Hectare,616.0,Tonnes,2.556016598
Karnataka,MANDYA,Maize,2003-04,Kharif,2514,Hectare,5806.0,Tonnes,2.309466985
Karnataka,MANDYA,Maize,2003-04,Rabi,913,Hectare,1681.0,Tonnes,1.841182913
Karnataka,MANDYA,Maize,2003-04,Summer,71,Hectare,179.0,Tonnes,2.521126761
Karnataka,MYSORE,Maize,2001-02,Kharif,15251,Hectare,65459.0,Tonnes,4.292111993
Karnataka,MYSORE,Maize,2001-02,Rabi,654,Hectare,1225.0,Tonnes,1.873088685
Karnataka,MYSORE,Maize,2001-02,Summer,205,Hectare,539.0,Tonnes,2.629268293
Karnataka,MYSORE,Maize,2002-03,Kharif,12935,Hectare,28164.0,Tonnes,2.17734828
Karnataka,MYSORE,Maize,2002-03,Rabi,5382,Hectare,13379.0,Tonnes,2.485878855
Karnataka,MYSORE,Maize,2002-03,Summer,515,Hectare,1316.0,Tonnes,2.555339806
Karnataka,MYSORE,Maize,2003-04,Kharif,13108,Hectare,39107.0,Tonnes,2.983445224
Karnataka,MYSORE,Maize,2003-04,Rabi,2051,Hectare,2850.0,Tonnes,1.389566065
Karnataka,MYSORE,Maize,2003-04,Summer,396,Hectare,997.0,Tonnes,2.517676768
Karnataka,RAICHUR,Maize,2001-02,Kharif,135,Hectare,368.0,Tonnes,2.725925926
Karnataka,RAICHUR,Maize,2002-03,Kharif,85,Hectare,155.0,Tonnes,1.823529412
Karnataka,RAICHUR,Maize,2002-03,Summer,21,Hectare,54.0,Tonnes,2.571428571
Karnataka,RAICHUR,Maize,2003-04,Kharif,397,Hectare,1268.0,Tonnes,3.19395466
Karnataka,RAICHUR,Maize,2003-04,Rabi,36,Hectare,67.0,Tonnes,1.861111111
Karnataka,RAICHUR,Maize,2003-04,Summer,53,Hectare,133.0,Tonnes,2.509433962
Karnataka,SHIMOGA,Maize,2001-02,Kharif,17497,Hectare,49533.0,Tonnes,2.830942447
Karnataka,SHIMOGA,Maize,2001-02,Rabi,69,Hectare,162.0,Tonnes,2.347826087
Karnataka,SHIMOGA,Maize,2001-02,Summer,257,Hectare,676.0,Tonnes,2.630350195
Karnataka,SHIMOGA,Maize,2002-03,Kharif,26170,Hectare,95297.0,Tonnes,3.641459687
Karnataka,SHIMOGA,Maize,2002-03,Rabi,9,Hectare,22.0,Tonnes,2.444444444
Karnataka,SHIMOGA,Maize,2002-03,Summer,500,Hectare,1278.0,Tonnes,2.556
Karnataka,SHIMOGA,Maize,2003-04,Kharif,48313,Hectare,142715.0,Tonnes,2.953966841
Karnataka,SHIMOGA,Maize,2003-04,Rabi,34,Hectare,78.0,Tonnes,2.294117647
Karnataka,SHIMOGA,Maize,2003-04,Summer,299,Hectare,753.0,Tonnes,2.518394649
Karnataka,TUMKUR,Maize,2001-02,Kharif,8820,Hectare,18686.0,Tonnes,2.118594104
Karnataka,TUMKUR,Maize,2001-02,Rabi,268,Hectare,519.0,Tonnes,1.936567164
Karnataka,TUMKUR,Maize,2001-02,Summer,481,Hectare,1265.0,Tonnes,2.62993763
Karnataka,TUMKUR,Maize,2002-03,Kharif,12076,Hectare,15547.0,Tonnes,1.287429612
Karnataka,TUMKUR,Maize,2002-03,Rabi,1618,Hectare,4109.0,Tonnes,2.539555006
Karnataka,TUMKUR,Maize,2002-03,Summer,817,Hectare,2088.0,Tonnes,2.555691554
Karnataka,TUMKUR,Maize,2003-04,Kharif,12991,Hectare,19286.0,Tonnes,1.484566238
Karnataka,TUMKUR,Maize,2003-04,Rabi,331,Hectare,756.0,Tonnes,2.283987915
Karnataka,TUMKUR,Maize,2003-04,Summer,474,Hectare,1193.0,Tonnes,2.516877637
Karnataka,UTTAR KANNAD,Maize,2001-02,Kharif,60,Hectare,112.0,Tonnes,1.866666667
Karnataka,UTTAR KANNAD,Maize,2002-03,Kharif,117,Hectare,171.0,Tonnes,1.461538462
Karnataka,UTTAR KANNAD,Maize,2002-03,Rabi,1,Hectare,3.0,Tonnes,3.0
Karnataka,UTTAR KANNAD,Maize,2002-03,Summer,2,Hectare,3.0,Tonnes,1.5
Karnataka,UTTAR KANNAD,Maize,2003-04,Kharif,708,Hectare,1043.0,Tonnes,1.473163842
Karnataka,UTTAR KANNAD,Maize,2003-04,Rabi,6,Hectare,4.0,Tonnes,0.666666667
Karnataka,BAGALKOT,Mesta,2001-02,Kharif,5,Hectare,10.0,Bales,2.0
Karnataka,BAGALKOT,Mesta,2002-03,Kharif,7,Hectare,13.0,Bales,1.857142857
Karnataka,BAGALKOT,Mesta,2003-04,Kharif,150,Hectare,286.0,Bales,1.906666667
Karnataka,BELGAUM,Mesta,2001-02,Kharif,22,Hectare,47.0,Bales,2.136363636
Karnataka,BELGAUM,Mesta,2002-03,Kharif,6,Hectare,13.0,Bales,2.166666667
Karnataka,BELGAUM,Mesta,2003-04,Kharif,7,Hectare,15.0,Bales,2.142857143
Karnataka,BIDAR,Mesta,2001-02,Kharif,1427,Hectare,1039.0,Bales,0.728100911
Karnataka,BIDAR,Mesta,2002-03,Kharif,1386,Hectare,999.0,Bales,0.720779221
Karnataka,BIDAR,Mesta,2003-04,Kharif,1255,Hectare,904.0,Bales,0.720318725
Karnataka,DAVANGERE,Mesta,2001-02,Kharif,1,Hectare,1.0,Bales,1.0
Karnataka,DHARWAD,Mesta,2001-02,Kharif,2,Hectare,5.0,Bales,2.5
Karnataka,DHARWAD,Mesta,2002-03,Kharif,6,Hectare,16.0,Bales,2.666666667
Karnataka,GULBARGA,Mesta,2001-02,Kharif,2207,Hectare,4083.0,Bales,1.850022655
Karnataka,GULBARGA,Mesta,2002-03,Kharif,1712,Hectare,3136.0,Bales,1.831775701
Karnataka,GULBARGA,Mesta,2003-04,Kharif,2647,Hectare,4848.0,Bales,1.831507367
Karnataka,HAVERI,Mesta,2001-02,Kharif,1,Hectare,3.0,Bales,3.0
Karnataka,HAVERI,Mesta,2002-03,Kharif,1,Hectare,3.0,Bales,3.0
Karnataka,UTTAR KANNAD,Mesta,2001-02,Kharif,3,Hectare,7.0,Bales,2.333333333
Karnataka,UTTAR KANNAD,Mesta,2002-03,Kharif,1,Hectare,2.0,Bales,2.0
Karnataka,UTTAR KANNAD,Mesta,2003-04,Kharif,1,Hectare,2.0,Bales,2.0
Karnataka,BAGALKOT,Moong(Green Gram),2001-02,Kharif,2301,Hectare,501.0,Tonnes,0.217731421
Karnataka,BAGALKOT,Moong(Green Gram),2002-03,Kharif,16545,Hectare,330.0,Tonnes,0.019945603
Karnataka,BAGALKOT,Moong(Green Gram),2003-04,Kharif,969,Hectare,56.0,Tonnes,0.057791538
Karnataka,BANGALORE RURAL,Moong(Green Gram),2001-02,Kharif,93,Hectare,24.0,Tonnes,0.258064516
Karnataka,BANGALORE RURAL,Moong(Green Gram),2001-02,Rabi,4,Hectare,1.0,Tonnes,0.25
Karnataka,BANGALORE RURAL,Moong(Green Gram),2002-03,Kharif,22,Hectare,1.0,Tonnes,0.045454545
Karnataka,BANGALORE RURAL,Moong(Green Gram),2003-04,Kharif,20,Hectare,3.0,Tonnes,0.15
Karnataka,BELGAUM,Moong(Green Gram),2001-02,Kharif,14510,Hectare,3322.0,Tonnes,0.228945555
Karnataka,BELGAUM,Moong(Green Gram),2001-02,Rabi,20,Hectare,6.0,Tonnes,0.3
Karnataka,BELGAUM,Moong(Green Gram),2002-03,Kharif,32037,Hectare,1217.0,Tonnes,0.037987327
Karnataka,BELGAUM,Moong(Green Gram),2002-03,Rabi,49,Hectare,9.0,Tonnes,0.183673469
Karnataka,BELGAUM,Moong(Green Gram),2003-04,Kharif,4595,Hectare,223.0,Tonnes,0.048531012
Karnataka,BELGAUM,Moong(Green Gram),2003-04,Rabi,36,Hectare,11.0,Tonnes,0.305555556
Karnataka,BELLARY,Moong(Green Gram),2001-02,Kharif,2206,Hectare,409.0,Tonnes,0.185403445
Karnataka,BELLARY,Moong(Green Gram),2001-02,Rabi,24,Hectare,7.0,Tonnes,0.291666667
Karnataka,BELLARY,Moong(Green Gram),2002-03,Kharif,3870,Hectare,386.0,Tonnes,0.099741602
Karnataka,BELLARY,Moong(Green Gram),2003-04,Kharif,1300,Hectare,59.0,Tonnes,0.045384615
Karnataka,BENGALURU URBAN,Moong(Green Gram),2001-02,Kharif,45,Hectare,12.0,Tonnes,0.266666667
Karnataka,BENGALURU URBAN,Moong(Green Gram),2002-03,Kharif,16,Hectare,1.0,Tonnes,0.0625
Karnataka,BENGALURU URBAN,Moong(Green Gram),2003-04,Kharif,15,Hectare,2.0,Tonnes,0.133333333
Karnataka,BIDAR,Moong(Green Gram),2001-02,Kharif,46928,Hectare,14222.0,Tonnes,0.303060007
Karnataka,BIDAR,Moong(Green Gram),2002-03,Kharif,47526,Hectare,5328.0,Tonnes,0.112107057
Karnataka,BIDAR,Moong(Green Gram),2003-04,Kharif,53135,Hectare,11055.0,Tonnes,0.208054954
Karnataka,BIJAPUR,Moong(Green Gram),2001-02,Kharif,1515,Hectare,245.0,Tonnes,0.161716172
Karnataka,BIJAPUR,Moong(Green Gram),2001-02,Rabi,4,Hectare,1.0,Tonnes,0.25
Karnataka,BIJAPUR,Moong(Green Gram),2002-03,Kharif,20307,Hectare,1485.0,Tonnes,0.073127493
Karnataka,BIJAPUR,Moong(Green Gram),2003-04,Kharif,15239,Hectare,709.0,Tonnes,0.046525363
Karnataka,CHAMARAJANAGAR,Moong(Green Gram),2001-02,Kharif,848,Hectare,221.0,Tonnes,0.260613208
Karnataka,CHAMARAJANAGAR,Moong(Green Gram),2001-02,Rabi,139,Hectare,41.0,Tonnes,0.294964029
Karnataka,CHAMARAJANAGAR,Moong(Green Gram),2002-03,Kharif,1398,Hectare,92.0,Tonnes,0.065808298
Karnataka,CHAMARAJANAGAR,Moong(Green Gram),2002-03,Rabi,406,Hectare,71.0,Tonnes,0.174876847
Karnataka,CHAMARAJANAGAR,Moong(Green Gram),2003-04,Kharif,1299,Hectare,194.0,Tonnes,0.149345651
Karnataka,CHAMARAJANAGAR,Moong(Green Gram),2003-04,Rabi,295,Hectare,86.0,Tonnes,0.291525424
Karnataka,CHIKMAGALUR,Moong(Green Gram),2001-02,Kharif,2039,Hectare,459.0,Tonnes,0.225110348
Karnataka,CHIKMAGALUR,Moong(Green Gram),2001-02,Rabi,22,Hectare,6.0,Tonnes,0.272727273
Karnataka,CHIKMAGALUR,Moong(Green Gram),2002-03,Kharif,2770,Hectare,113.0,Tonnes,0.040794224
Karnataka,CHIKMAGALUR,Moong(Green Gram),2002-03,Rabi,37,Hectare,7.0,Tonnes,0.189189189
Karnataka,CHIKMAGALUR,Moong(Green Gram),2003-04,Kharif,831,Hectare,24.0,Tonnes,0.028880866
Karnataka,CHIKMAGALUR,Moong(Green Gram),2003-04,Rabi,176,Hectare,51.0,Tonnes,0.289772727
Karnataka,CHITRADURGA,Moong(Green Gram),2001-02,Kharif,4600,Hectare,1036.0,Tonnes,0.225217391
Karnataka,CHITRADURGA,Moong(Green Gram),2002-03,Kharif,4604,Hectare,188.0,Tonnes,0.040834057
Karnataka,CHITRADURGA,Moong(Green Gram),2003-04,Kharif,1240,Hectare,35.0,Tonnes,0.028225806
Karnataka,DAKSHIN KANNAD,Moong(Green Gram),2001-02,Rabi,806,Hectare,237.0,Tonnes,0.294044665
Karnataka,DAKSHIN KANNAD,Moong(Green Gram),2002-03,Rabi,858,Hectare,150.0,Tonnes,0.174825175
Karnataka,DAKSHIN KANNAD,Moong(Green Gram),2003-04,Rabi,762,Hectare,223.0,Tonnes,0.292650919
Karnataka,DAVANGERE,Moong(Green Gram),2001-02,Kharif,1329,Hectare,246.0,Tonnes,0.18510158
Karnataka,DAVANGERE,Moong(Green Gram),2001-02,Rabi,162,Hectare,48.0,Tonnes,0.296296296
Karnataka,DAVANGERE,Moong(Green Gram),2002-03,Kharif,2971,Hectare,316.0,Tonnes,0.106361494
Karnataka,DAVANGERE,Moong(Green Gram),2002-03,Rabi,183,Hectare,32.0,Tonnes,0.174863388
Karnataka,DAVANGERE,Moong(Green Gram),2003-04,Kharif,1187,Hectare,2.0,Tonnes,0.00168492
Karnataka,DAVANGERE,Moong(Green Gram),2003-04,Rabi,528,Hectare,154.0,Tonnes,0.291666667
Karnataka,DHARWAD,Moong(Green Gram),2001-02,Kharif,18713,Hectare,4498.0,Tonnes,0.240367659
Karnataka,DHARWAD,Moong(Green Gram),2001-02,Rabi,665,Hectare,150.0,Tonnes,0.22556391
Karnataka,DHARWAD,Moong(Green Gram),2002-03,Kharif,46120,Hectare,3812.0,Tonnes,0.082653946
Karnataka,DHARWAD,Moong(Green Gram),2002-03,Rabi,898,Hectare,204.0,Tonnes,0.227171492
Karnataka,DHARWAD,Moong(Green Gram),2003-04,Kharif,16752,Hectare,589.0,Tonnes,0.035159981
Karnataka,DHARWAD,Moong(Green Gram),2003-04,Rabi,1317,Hectare,385.0,Tonnes,0.292331055
Karnataka,GADAG,Moong(Green Gram),2001-02,Kharif,32337,Hectare,4485.0,Tonnes,0.138695612
Karnataka,GADAG,Moong(Green Gram),2002-03,Kharif,65638,Hectare,748.0,Tonnes,0.011395838
Karnataka,GADAG,Moong(Green Gram),2003-04,Kharif,17257,Hectare,148.0,Tonnes,0.00857623
Karnataka,GULBARGA,Moong(Green Gram),2001-02,Kharif,98886,Hectare,23673.0,Tonnes,0.239396881
Karnataka,GULBARGA,Moong(Green Gram),2002-03,Kharif,103607,Hectare,7480.0,Tonnes,0.072195894
Karnataka,GULBARGA,Moong(Green Gram),2002-03,Rabi,7,Hectare,1.0,Tonnes,0.142857143
Karnataka,GULBARGA,Moong(Green Gram),2003-04,Kharif,116063,Hectare,23485.0,Tonnes,0.202347001
Karnataka,HASSAN,Moong(Green Gram),2001-02,Kharif,1830,Hectare,954.0,Tonnes,0.521311475
Karnataka,HASSAN,Moong(Green Gram),2001-02,Rabi,231,Hectare,68.0,Tonnes,0.294372294
Karnataka,HASSAN,Moong(Green Gram),2002-03,Kharif,3469,Hectare,511.0,Tonnes,0.147304699
Karnataka,HASSAN,Moong(Green Gram),2002-03,Rabi,46,Hectare,8.0,Tonnes,0.173913044
Karnataka,HASSAN,Moong(Green Gram),2003-04,Kharif,726,Hectare,1.0,Tonnes,0.00137741
Karnataka,HASSAN,Moong(Green Gram),2003-04,Rabi,46,Hectare,13.0,Tonnes,0.282608696
Karnataka,HAVERI,Moong(Green Gram),2001-02,Kharif,12141,Hectare,5675.0,Tonnes,0.46742443
Karnataka,HAVERI,Moong(Green Gram),2001-02,Rabi,699,Hectare,157.0,Tonnes,0.224606581
Karnataka,HAVERI,Moong(Green Gram),2002-03,Kharif,22375,Hectare,744.0,Tonnes,0.033251397
Karnataka,HAVERI,Moong(Green Gram),2002-03,Rabi,2140,Hectare,486.0,Tonnes,0.227102804
Karnataka,HAVERI,Moong(Green Gram),2003-04,Kharif,16564,Hectare,220.0,Tonnes,0.013281816
Karnataka,HAVERI,Moong(Green Gram),2003-04,Rabi,1824,Hectare,534.0,Tonnes,0.292763158
Karnataka,KOLAR,Moong(Green Gram),2001-02,Kharif,44,Hectare,11.0,Tonnes,0.25
Karnataka,KOPPAL,Moong(Green Gram),2001-02,Kharif,3808,Hectare,488.0,Tonnes,0.128151261
Karnataka,KOPPAL,Moong(Green Gram),2002-03,Kharif,12527,Hectare,1904.0,Tonnes,0.151991698
Karnataka,KOPPAL,Moong(Green Gram),2002-03,Rabi,436,Hectare,76.0,Tonnes,0.174311927
Karnataka,KOPPAL,Moong(Green Gram),2003-04,Kharif,5256,Hectare,729.0,Tonnes,0.13869863
Karnataka,KOPPAL,Moong(Green Gram),2003-04,Rabi,41,Hectare,12.0,Tonnes,0.292682927
Karnataka,MANDYA,Moong(Green Gram),2001-02,Kharif,330,Hectare,86.0,Tonnes,0.260606061
Karnataka,MANDYA,Moong(Green Gram),2001-02,Rabi,83,Hectare,24.0,Tonnes,0.289156627
Karnataka,MANDYA,Moong(Green Gram),2002-03,Kharif,306,Hectare,20.0,Tonnes,0.065359477
Karnataka,MANDYA,Moong(Green Gram),2002-03,Rabi,230,Hectare,40.0,Tonnes,0.173913044
Karnataka,MANDYA,Moong(Green Gram),2003-04,Kharif,529,Hectare,79.0,Tonnes,0.149338374
Karnataka,MANDYA,Moong(Green Gram),2003-04,Rabi,103,Hectare,30.0,Tonnes,0.291262136
Karnataka,MYSORE,Moong(Green Gram),2001-02,Kharif,3433,Hectare,1790.0,Tonnes,0.521409846
Karnataka,MYSORE,Moong(Green Gram),2001-02,Rabi,1146,Hectare,336.0,Tonnes,0.293193717
Karnataka,MYSORE,Moong(Green Gram),2002-03,Kharif,4682,Hectare,734.0,Tonnes,0.156770611
Karnataka,MYSORE,Moong(Green Gram),2002-03,Rabi,1566,Hectare,274.0,Tonnes,0.174968072
Karnataka,MYSORE,Moong(Green Gram),2003-04,Kharif,4004,Hectare,612.0,Tonnes,0.152847153
Karnataka,MYSORE,Moong(Green Gram),2003-04,Rabi,590,Hectare,173.0,Tonnes,0.293220339
Karnataka,RAICHUR,Moong(Green Gram),2001-02,Kharif,1504,Hectare,983.0,Tonnes,0.653590426
Karnataka,RAICHUR,Moong(Green Gram),2002-03,Kharif,7935,Hectare,460.0,Tonnes,0.057971014
Karnataka,RAICHUR,Moong(Green Gram),2002-03,Rabi,168,Hectare,29.0,Tonnes,0.172619048
Karnataka,RAICHUR,Moong(Green Gram),2003-04,Kharif,5806,Hectare,866.0,Tonnes,0.149156046
Karnataka,RAICHUR,Moong(Green Gram),2003-04,Rabi,7,Hectare,2.0,Tonnes,0.285714286
Karnataka,SHIMOGA,Moong(Green Gram),2001-02,Kharif,96,Hectare,25.0,Tonnes,0.260416667
Karnataka,SHIMOGA,Moong(Green Gram),2001-02,Rabi,1863,Hectare,618.0,Tonnes,0.331723027
Karnataka,SHIMOGA,Moong(Green Gram),2002-03,Kharif,217,Hectare,14.0,Tonnes,0.064516129
Karnataka,SHIMOGA,Moong(Green Gram),2002-03,Rabi,2280,Hectare,277.0,Tonnes,0.121491228
Karnataka,SHIMOGA,Moong(Green Gram),2003-04,Kharif,111,Hectare,17.0,Tonnes,0.153153153
Karnataka,SHIMOGA,Moong(Green Gram),2003-04,Rabi,1897,Hectare,555.0,Tonnes,0.292567211
Karnataka,TUMKUR,Moong(Green Gram),2001-02,Kharif,1796,Hectare,1971.0,Tonnes,1.097438753
Karnataka,TUMKUR,Moong(Green Gram),2001-02,Rabi,37,Hectare,11.0,Tonnes,0.297297297
Karnataka,TUMKUR,Moong(Green Gram),2002-03,Kharif,3492,Hectare,514.0,Tonnes,0.147193585
Karnataka,TUMKUR,Moong(Green Gram),2002-03,Rabi,34,Hectare,6.0,Tonnes,0.176470588
Karnataka,TUMKUR,Moong(Green Gram),2003-04,Kharif,1494,Hectare,362.0,Tonnes,0.242302544
Karnataka,UDUPI,Moong(Green Gram),2001-02,Rabi,568,Hectare,167.0,Tonnes,0.294014085
Karnataka,UDUPI,Moong(Green Gram),2002-03,Rabi,407,Hectare,71.0,Tonnes,0.174447174
Karnataka,UDUPI,Moong(Green Gram),2003-04,Rabi,177,Hectare,52.0,Tonnes,0.293785311
Karnataka,UTTAR KANNAD,Moong(Green Gram),2001-02,Rabi,638,Hectare,212.0,Tonnes,0.332288401
Karnataka,UTTAR KANNAD,Moong(Green Gram),2002-03,Kharif,8,Hectare,1.0,Tonnes,0.125
Karnataka,UTTAR KANNAD,Moong(Green Gram),2002-03,Rabi,739,Hectare,90.0,Tonnes,0.121786198
Karnataka,UTTAR KANNAD,Moong(Green Gram),2003-04,Rabi,581,Hectare,170.0,Tonnes,0.292598967
Karnataka,BAGALKOT,Niger seed,2001-02,Kharif,164,Hectare,25.0,Tonnes,0.152439024
Karnataka,BAGALKOT,Niger seed,2002-03,Kharif,122,Hectare,18.0,Tonnes,0.147540984
Karnataka,BAGALKOT,Niger seed,2003-04,Kharif,153,Hectare,23.0,Tonnes,0.150326797
Karnataka,BANGALORE RURAL,Niger seed,2001-02,Kharif,2600,Hectare,641.0,Tonnes,0.246538462
Karnataka,BANGALORE RURAL,Niger seed,2002-03,Kharif,1493,Hectare,368.0,Tonnes,0.24648359
Karnataka,BANGALORE RURAL,Niger seed,2003-04,Kharif,1628,Hectare,401.0,Tonnes,0.246314496
Karnataka,BELGAUM,Niger seed,2001-02,Kharif,456,Hectare,105.0,Tonnes,0.230263158
Karnataka,BELGAUM,Niger seed,2002-03,Kharif,1060,Hectare,243.0,Tonnes,0.229245283
Karnataka,BELGAUM,Niger seed,2003-04,Kharif,512,Hectare,118.0,Tonnes,0.23046875
Karnataka,BELLARY,Niger seed,2001-02,Kharif,1312,Hectare,339.0,Tonnes,0.258384146
Karnataka,BELLARY,Niger seed,2002-03,Kharif,754,Hectare,195.0,Tonnes,0.25862069
Karnataka,BELLARY,Niger seed,2003-04,Kharif,791,Hectare,204.0,Tonnes,0.257901391
Karnataka,BENGALURU URBAN,Niger seed,2001-02,Kharif,635,Hectare,157.0,Tonnes,0.247244095
Karnataka,BENGALURU URBAN,Niger seed,2002-03,Kharif,360,Hectare,89.0,Tonnes,0.247222222
Karnataka,BENGALURU URBAN,Niger seed,2003-04,Kharif,646,Hectare,159.0,Tonnes,0.246130031
Karnataka,BIDAR,Niger seed,2001-02,Kharif,5805,Hectare,661.0,Tonnes,0.113867356
Karnataka,BIDAR,Niger seed,2002-03,Kharif,6024,Hectare,686.0,Tonnes,0.113877822
Karnataka,BIDAR,Niger seed,2003-04,Kharif,6281,Hectare,715.0,Tonnes,0.113835377
Karnataka,BIJAPUR,Niger seed,2001-02,Kharif,218,Hectare,33.0,Tonnes,0.151376147
Karnataka,BIJAPUR,Niger seed,2002-03,Kharif,421,Hectare,64.0,Tonnes,0.152019002
Karnataka,BIJAPUR,Niger seed,2003-04,Kharif,129,Hectare,20.0,Tonnes,0.15503876
Karnataka,CHAMARAJANAGAR,Niger seed,2001-02,Kharif,680,Hectare,140.0,Tonnes,0.205882353
Karnataka,CHAMARAJANAGAR,Niger seed,2002-03,Kharif,1279,Hectare,263.0,Tonnes,0.205629398
Karnataka,CHAMARAJANAGAR,Niger seed,2003-04,Kharif,1105,Hectare,228.0,Tonnes,0.206334842
Karnataka,CHIKMAGALUR,Niger seed,2001-02,Kharif,915,Hectare,237.0,Tonnes,0.259016393
Karnataka,CHIKMAGALUR,Niger seed,2002-03,Kharif,739,Hectare,192.0,Tonnes,0.259810555
Karnataka,CHIKMAGALUR,Niger seed,2003-04,Kharif,637,Hectare,165.0,Tonnes,0.259026688
Karnataka,CHITRADURGA,Niger seed,2001-02,Kharif,661,Hectare,194.0,Tonnes,0.293494705
Karnataka,CHITRADURGA,Niger seed,2002-03,Kharif,301,Hectare,89.0,Tonnes,0.295681063
Karnataka,CHITRADURGA,Niger seed,2003-04,Kharif,423,Hectare,124.0,Tonnes,0.293144208
Karnataka,DAVANGERE,Niger seed,2001-02,Kharif,684,Hectare,201.0,Tonnes,0.293859649
Karnataka,DAVANGERE,Niger seed,2002-03,Kharif,878,Hectare,258.0,Tonnes,0.293849658
Karnataka,DAVANGERE,Niger seed,2003-04,Kharif,572,Hectare,168.0,Tonnes,0.293706294
Karnataka,DHARWAD,Niger seed,2001-02,Kharif,242,Hectare,58.0,Tonnes,0.239669422
Karnataka,DHARWAD,Niger seed,2002-03,Kharif,329,Hectare,79.0,Tonnes,0.240121581
Karnataka,DHARWAD,Niger seed,2003-04,Kharif,192,Hectare,46.0,Tonnes,0.239583333
Karnataka,GADAG,Niger seed,2001-02,Kharif,729,Hectare,175.0,Tonnes,0.24005487
Karnataka,GADAG,Niger seed,2002-03,Kharif,780,Hectare,188.0,Tonnes,0.241025641
Karnataka,GADAG,Niger seed,2003-04,Kharif,261,Hectare,63.0,Tonnes,0.24137931
Karnataka,GULBARGA,Niger seed,2001-02,Kharif,1708,Hectare,203.0,Tonnes,0.118852459
Karnataka,GULBARGA,Niger seed,2002-03,Kharif,1028,Hectare,122.0,Tonnes,0.118677043
Karnataka,GULBARGA,Niger seed,2003-04,Kharif,2040,Hectare,242.0,Tonnes,0.118627451
Karnataka,HASSAN,Niger seed,2001-02,Kharif,6094,Hectare,1062.0,Tonnes,0.174269774
Karnataka,HASSAN,Niger seed,2002-03,Kharif,4001,Hectare,697.0,Tonnes,0.174206448
Karnataka,HASSAN,Niger seed,2003-04,Kharif,2715,Hectare,473.0,Tonnes,0.174217311
Karnataka,HAVERI,Niger seed,2001-02,Kharif,1633,Hectare,393.0,Tonnes,0.24066136
Karnataka,HAVERI,Niger seed,2002-03,Kharif,940,Hectare,226.0,Tonnes,0.240425532
Karnataka,HAVERI,Niger seed,2003-04,Kharif,652,Hectare,157.0,Tonnes,0.240797546
Karnataka,KOLAR,Niger seed,2001-02,Kharif,1069,Hectare,246.0,Tonnes,0.230121609
Karnataka,KOLAR,Niger seed,2002-03,Kharif,402,Hectare,92.0,Tonnes,0.228855721
Karnataka,KOLAR,Niger seed,2003-04,Kharif,847,Hectare,195.0,Tonnes,0.230224321
Karnataka,KOPPAL,Niger seed,2001-02,Kharif,2095,Hectare,274.0,Tonnes,0.13078759
Karnataka,KOPPAL,Niger seed,2002-03,Kharif,1289,Hectare,168.0,Tonnes,0.130333592
Karnataka,KOPPAL,Niger seed,2003-04,Kharif,1130,Hectare,148.0,Tonnes,0.130973451
Karnataka,MANDYA,Niger seed,2001-02,Kharif,2843,Hectare,535.0,Tonnes,0.188181498
Karnataka,MANDYA,Niger seed,2002-03,Kharif,1128,Hectare,212.0,Tonnes,0.187943262
Karnataka,MANDYA,Niger seed,2003-04,Kharif,1356,Hectare,255.0,Tonnes,0.188053097
Karnataka,MYSORE,Niger seed,2001-02,Kharif,3277,Hectare,675.0,Tonnes,0.20598108
Karnataka,MYSORE,Niger seed,2002-03,Kharif,4244,Hectare,874.0,Tonnes,0.205937795
Karnataka,MYSORE,Niger seed,2003-04,Kharif,3609,Hectare,743.0,Tonnes,0.205874203
Karnataka,RAICHUR,Niger seed,2001-02,Kharif,15,Hectare,2.0,Tonnes,0.133333333
Karnataka,RAICHUR,Niger seed,2002-03,Kharif,73,Hectare,10.0,Tonnes,0.136986301
Karnataka,RAICHUR,Niger seed,2003-04,Kharif,57,Hectare,7.0,Tonnes,0.122807018
Karnataka,SHIMOGA,Niger seed,2001-02,Kharif,224,Hectare,58.0,Tonnes,0.258928571
Karnataka,SHIMOGA,Niger seed,2002-03,Kharif,181,Hectare,47.0,Tonnes,0.259668508
Karnataka,SHIMOGA,Niger seed,2003-04,Kharif,122,Hectare,32.0,Tonnes,0.262295082
Karnataka,TUMKUR,Niger seed,2001-02,Kharif,2139,Hectare,620.0,Tonnes,0.289855073
Karnataka,TUMKUR,Niger seed,2002-03,Kharif,1455,Hectare,422.0,Tonnes,0.290034364
Karnataka,TUMKUR,Niger seed,2003-04,Kharif,1627,Hectare,472.0,Tonnes,0.290104487
Karnataka,BAGALKOT,Onion,2001-02,Whole Year,6247,Hectare,64311.0,Tonnes,10.29470146
Karnataka,BAGALKOT,Onion,2002-03,Whole Year,3329,Hectare,30605.0,Tonnes,9.193451487
Karnataka,BAGALKOT,Onion,2003-04,Whole Year,4269,Hectare,27894.0,Tonnes,6.534082923
Karnataka,BANGALORE RURAL,Onion,2001-02,Whole Year,50,Hectare,463.0,Tonnes,9.26
Karnataka,BANGALORE RURAL,Onion,2002-03,Whole Year,15,Hectare,60.0,Tonnes,4.0
Karnataka,BANGALORE RURAL,Onion,2003-04,Whole Year,19,Hectare,49.0,Tonnes,2.578947368
Karnataka,BELGAUM,Onion,2001-02,Whole Year,1656,Hectare,11635.0,Tonnes,7.025966184
Karnataka,BELGAUM,Onion,2002-03,Whole Year,5551,Hectare,13647.0,Tonnes,2.45847595
Karnataka,BELGAUM,Onion,2003-04,Whole Year,3778,Hectare,8693.0,Tonnes,2.300952885
Karnataka,BELLARY,Onion,2001-02,Whole Year,3980,Hectare,47730.0,Tonnes,11.99246231
Karnataka,BELLARY,Onion,2002-03,Whole Year,3574,Hectare,57874.0,Tonnes,16.193061
Karnataka,BELLARY,Onion,2003-04,Whole Year,3745,Hectare,42375.0,Tonnes,11.31508678
Karnataka,BENGALURU URBAN,Onion,2001-02,Whole Year,157,Hectare,1143.0,Tonnes,7.280254777
Karnataka,BENGALURU URBAN,Onion,2002-03,Whole Year,84,Hectare,625.0,Tonnes,7.44047619
Karnataka,BENGALURU URBAN,Onion,2003-04,Whole Year,76,Hectare,419.0,Tonnes,5.513157895
Karnataka,BIDAR,Onion,2001-02,Whole Year,568,Hectare,6961.0,Tonnes,12.25528169
Karnataka,BIDAR,Onion,2002-03,Whole Year,545,Hectare,6454.0,Tonnes,11.84220183
Karnataka,BIDAR,Onion,2003-04,Whole Year,464,Hectare,4272.0,Tonnes,9.206896552
Karnataka,BIJAPUR,Onion,2001-02,Whole Year,10862,Hectare,133258.0,Tonnes,12.26827472
Karnataka,BIJAPUR,Onion,2002-03,Whole Year,8982,Hectare,100995.0,Tonnes,11.24415498
Karnataka,BIJAPUR,Onion,2003-04,Whole Year,3923,Hectare,23241.0,Tonnes,5.924292633
Karnataka,CHAMARAJANAGAR,Onion,2001-02,Whole Year,2283,Hectare,19783.0,Tonnes,8.665352606
Karnataka,CHAMARAJANAGAR,Onion,2002-03,Whole Year,2141,Hectare,15993.0,Tonnes,7.469873891
Karnataka,CHAMARAJANAGAR,Onion,2003-04,Whole Year,2278,Hectare,23520.0,Tonnes,10.32484636
Karnataka,CHIKMAGALUR,Onion,2001-02,Whole Year,3130,Hectare,15600.0,Tonnes,4.984025559
Karnataka,CHIKMAGALUR,Onion,2002-03,Whole Year,3102,Hectare,21476.0,Tonnes,6.923275306
Karnataka,CHIKMAGALUR,Onion,2003-04,Whole Year,3375,Hectare,14091.0,Tonnes,4.175111111
Karnataka,CHITRADURGA,Onion,2001-02,Whole Year,14310,Hectare,87444.0,Tonnes,6.110691824
Karnataka,CHITRADURGA,Onion,2002-03,Whole Year,10886,Hectare,77697.0,Tonnes,7.137332353
Karnataka,CHITRADURGA,Onion,2003-04,Whole Year,10113,Hectare,63625.0,Tonnes,6.2914071
Karnataka,DAVANGERE,Onion,2001-02,Whole Year,6422,Hectare,48789.0,Tonnes,7.597165992
Karnataka,DAVANGERE,Onion,2002-03,Whole Year,4661,Hectare,27044.0,Tonnes,5.802188372
Karnataka,DAVANGERE,Onion,2003-04,Whole Year,4606,Hectare,51174.0,Tonnes,11.11029092
Karnataka,DHARWAD,Onion,2001-02,Whole Year,32320,Hectare,85801.0,Tonnes,2.654733911
Karnataka,DHARWAD,Onion,2002-03,Whole Year,29025,Hectare,65301.0,Tonnes,2.249819121
Karnataka,DHARWAD,Onion,2003-04,Whole Year,39483,Hectare,9586.0,Tonnes,0.242788035
Karnataka,GADAG,Onion,2001-02,Whole Year,30560,Hectare,114753.0,Tonnes,3.755006545
Karnataka,GADAG,Onion,2002-03,Whole Year,28063,Hectare,57276.0,Tonnes,2.040979225
Karnataka,GADAG,Onion,2003-04,Whole Year,12183,Hectare,25249.0,Tonnes,2.072478043
Karnataka,GULBARGA,Onion,2001-02,Whole Year,3486,Hectare,25953.0,Tonnes,7.444922547
Karnataka,GULBARGA,Onion,2002-03,Whole Year,2399,Hectare,19462.0,Tonnes,8.112546895
Karnataka,GULBARGA,Onion,2003-04,Whole Year,1798,Hectare,23597.0,Tonnes,13.1240267
Karnataka,HASSAN,Onion,2001-02,Whole Year,326,Hectare,2212.0,Tonnes,6.785276074
Karnataka,HASSAN,Onion,2002-03,Whole Year,325,Hectare,1785.0,Tonnes,5.492307692
Karnataka,HASSAN,Onion,2003-04,Whole Year,240,Hectare,693.0,Tonnes,2.8875
Karnataka,HAVERI,Onion,2001-02,Whole Year,4512,Hectare,14019.0,Tonnes,3.107047872
Karnataka,HAVERI,Onion,2002-03,Whole Year,7809,Hectare,10550.0,Tonnes,1.35100525
Karnataka,HAVERI,Onion,2003-04,Whole Year,6568,Hectare,20412.0,Tonnes,3.107795371
Karnataka,KOLAR,Onion,2001-02,Whole Year,1779,Hectare,18154.0,Tonnes,10.20460933
Karnataka,KOLAR,Onion,2002-03,Whole Year,1568,Hectare,8929.0,Tonnes,5.694515306
Karnataka,KOLAR,Onion,2003-04,Whole Year,1760,Hectare,8616.0,Tonnes,4.895454545
Karnataka,KOPPAL,Onion,2001-02,Whole Year,598,Hectare,5212.0,Tonnes,8.715719064
Karnataka,KOPPAL,Onion,2002-03,Whole Year,488,Hectare,3461.0,Tonnes,7.092213115
Karnataka,KOPPAL,Onion,2003-04,Whole Year,593,Hectare,4323.0,Tonnes,7.29005059
Karnataka,MANDYA,Onion,2001-02,Whole Year,337,Hectare,2646.0,Tonnes,7.851632047
Karnataka,MANDYA,Onion,2002-03,Whole Year,325,Hectare,2537.0,Tonnes,7.806153846
Karnataka,MANDYA,Onion,2003-04,Whole Year,243,Hectare,2103.0,Tonnes,8.654320988
Karnataka,MYSORE,Onion,2001-02,Whole Year,5,Hectare,21.0,Tonnes,4.2
Karnataka,MYSORE,Onion,2002-03,Whole Year,5,Hectare,17.0,Tonnes,3.4
Karnataka,MYSORE,Onion,2003-04,Whole Year,5,Hectare,13.0,Tonnes,2.6
Karnataka,RAICHUR,Onion,2001-02,Whole Year,1597,Hectare,11068.0,Tonnes,6.930494678
Karnataka,RAICHUR,Onion,2002-03,Whole Year,1849,Hectare,11856.0,Tonnes,6.412114657
Karnataka,RAICHUR,Onion,2003-04,Whole Year,1354,Hectare,4531.0,Tonnes,3.346381093
Karnataka,SHIMOGA,Onion,2001-02,Whole Year,20,Hectare,86.0,Tonnes,4.3
Karnataka,SHIMOGA,Onion,2002-03,Whole Year,13,Hectare,44.0,Tonnes,3.384615385
Karnataka,SHIMOGA,Onion,2003-04,Whole Year,12,Hectare,43.0,Tonnes,3.583333333
Karnataka,TUMKUR,Onion,2001-02,Whole Year,529,Hectare,2824.0,Tonnes,5.338374291
Karnataka,TUMKUR,Onion,2002-03,Whole Year,157,Hectare,1085.0,Tonnes,6.910828025
Karnataka,TUMKUR,Onion,2003-04,Whole Year,257,Hectare,1125.0,Tonnes,4.377431907
Karnataka,UDUPI,Onion,2001-02,Whole Year,6,Hectare,86.0,Tonnes,14.33333333
Karnataka,UDUPI,Onion,2002-03,Whole Year,5,Hectare,66.0,Tonnes,13.2
Karnataka,UDUPI,Onion,2003-04,Whole Year,4,Hectare,42.0,Tonnes,10.5
Karnataka,UTTAR KANNAD,Onion,2001-02,Whole Year,75,Hectare,1081.0,Tonnes,14.41333333
Karnataka,UTTAR KANNAD,Onion,2002-03,Whole Year,74,Hectare,982.0,Tonnes,13.27027027
Karnataka,UTTAR KANNAD,Onion,2003-04,Whole Year,75,Hectare,783.0,Tonnes,10.44
Karnataka,BAGALKOT,Other Rabi pulses,2001-02,Rabi,660,Hectare,88.0,Tonnes,0.133333333
Karnataka,BAGALKOT,Other Rabi pulses,2002-03,Rabi,176,Hectare,21.0,Tonnes,0.119318182
Karnataka,BAGALKOT,Other Rabi pulses,2003-04,Rabi,571,Hectare,76.0,Tonnes,0.133099825
Karnataka,BANGALORE RURAL,Other Rabi pulses,2001-02,Rabi,208,Hectare,26.0,Tonnes,0.125
Karnataka,BANGALORE RURAL,Other Rabi pulses,2002-03,Rabi,78,Hectare,9.0,Tonnes,0.115384615
Karnataka,BANGALORE RURAL,Other Rabi pulses,2003-04,Rabi,170,Hectare,21.0,Tonnes,0.123529412
Karnataka,BELGAUM,Other Rabi pulses,2001-02,Rabi,1356,Hectare,186.0,Tonnes,0.137168142
Karnataka,BELGAUM,Other Rabi pulses,2002-03,Rabi,1346,Hectare,185.0,Tonnes,0.137444279
Karnataka,BELGAUM,Other Rabi pulses,2003-04,Rabi,819,Hectare,113.0,Tonnes,0.137973138
Karnataka,BELLARY,Other Rabi pulses,2001-02,Rabi,2277,Hectare,252.0,Tonnes,0.110671937
Karnataka,BELLARY,Other Rabi pulses,2002-03,Rabi,2095,Hectare,233.0,Tonnes,0.111217184
Karnataka,BELLARY,Other Rabi pulses,2003-04,Rabi,1435,Hectare,159.0,Tonnes,0.110801394
Karnataka,BENGALURU URBAN,Other Rabi pulses,2001-02,Rabi,176,Hectare,22.0,Tonnes,0.125
Karnataka,BENGALURU URBAN,Other Rabi pulses,2002-03,Rabi,681,Hectare,91.0,Tonnes,0.133627019
Karnataka,BENGALURU URBAN,Other Rabi pulses,2003-04,Rabi,59,Hectare,8.0,Tonnes,0.13559322
Karnataka,BIDAR,Other Rabi pulses,2001-02,Rabi,1672,Hectare,182.0,Tonnes,0.108851675
Karnataka,BIDAR,Other Rabi pulses,2002-03,Rabi,1379,Hectare,150.0,Tonnes,0.108774474
Karnataka,BIDAR,Other Rabi pulses,2003-04,Rabi,1176,Hectare,128.0,Tonnes,0.108843537
Karnataka,BIJAPUR,Other Rabi pulses,2001-02,Rabi,7,Hectare,1.0,Tonnes,0.142857143
Karnataka,BIJAPUR,Other Rabi pulses,2002-03,Rabi,60,Hectare,8.0,Tonnes,0.133333333
Karnataka,CHAMARAJANAGAR,Other Rabi pulses,2001-02,Rabi,2612,Hectare,299.0,Tonnes,0.114471669
Karnataka,CHAMARAJANAGAR,Other Rabi pulses,2002-03,Rabi,4400,Hectare,498.0,Tonnes,0.113181818
Karnataka,CHAMARAJANAGAR,Other Rabi pulses,2003-04,Rabi,3009,Hectare,338.0,Tonnes,0.112329678
Karnataka,CHIKMAGALUR,Other Rabi pulses,2001-02,Rabi,90,Hectare,9.0,Tonnes,0.1
Karnataka,CHIKMAGALUR,Other Rabi pulses,2002-03,Rabi,359,Hectare,42.0,Tonnes,0.116991644
Karnataka,CHIKMAGALUR,Other Rabi pulses,2003-04,Rabi,841,Hectare,89.0,Tonnes,0.105826397
Karnataka,CHITRADURGA,Other Rabi pulses,2001-02,Rabi,42,Hectare,5.0,Tonnes,0.119047619
Karnataka,CHITRADURGA,Other Rabi pulses,2002-03,Rabi,48,Hectare,6.0,Tonnes,0.125
Karnataka,CHITRADURGA,Other Rabi pulses,2003-04,Rabi,99,Hectare,12.0,Tonnes,0.121212121
Karnataka,DAKSHIN KANNAD,Other Rabi pulses,2001-02,Rabi,92,Hectare,10.0,Tonnes,0.108695652
Karnataka,DAKSHIN KANNAD,Other Rabi pulses,2002-03,Rabi,73,Hectare,8.0,Tonnes,0.109589041
Karnataka,DAKSHIN KANNAD,Other Rabi pulses,2003-04,Rabi,208,Hectare,22.0,Tonnes,0.105769231
Karnataka,DAVANGERE,Other Rabi pulses,2001-02,Rabi,1108,Hectare,136.0,Tonnes,0.122743682
Karnataka,DAVANGERE,Other Rabi pulses,2002-03,Rabi,2220,Hectare,272.0,Tonnes,0.122522523
Karnataka,DAVANGERE,Other Rabi pulses,2003-04,Rabi,3100,Hectare,382.0,Tonnes,0.123225807
Karnataka,DHARWAD,Other Rabi pulses,2001-02,Rabi,257,Hectare,35.0,Tonnes,0.13618677
Karnataka,DHARWAD,Other Rabi pulses,2002-03,Rabi,357,Hectare,48.0,Tonnes,0.134453782
Karnataka,DHARWAD,Other Rabi pulses,2003-04,Rabi,240,Hectare,33.0,Tonnes,0.1375
Karnataka,GADAG,Other Rabi pulses,2001-02,Rabi,588,Hectare,80.0,Tonnes,0.136054422
Karnataka,GADAG,Other Rabi pulses,2002-03,Rabi,375,Hectare,51.0,Tonnes,0.136
Karnataka,GADAG,Other Rabi pulses,2003-04,Rabi,443,Hectare,60.0,Tonnes,0.135440181
Karnataka,GULBARGA,Other Rabi pulses,2001-02,Rabi,28,Hectare,4.0,Tonnes,0.142857143
Karnataka,GULBARGA,Other Rabi pulses,2002-03,Rabi,63,Hectare,8.0,Tonnes,0.126984127
Karnataka,GULBARGA,Other Rabi pulses,2003-04,Rabi,20,Hectare,2.0,Tonnes,0.1
Karnataka,HASSAN,Other Rabi pulses,2001-02,Rabi,3439,Hectare,416.0,Tonnes,0.120965397
Karnataka,HASSAN,Other Rabi pulses,2002-03,Rabi,8923,Hectare,1106.0,Tonnes,0.123949344
Karnataka,HASSAN,Other Rabi pulses,2003-04,Rabi,2604,Hectare,303.0,Tonnes,0.116359447
Karnataka,HAVERI,Other Rabi pulses,2001-02,Rabi,2041,Hectare,267.0,Tonnes,0.130818226
Karnataka,HAVERI,Other Rabi pulses,2002-03,Rabi,2263,Hectare,308.0,Tonnes,0.136102519
Karnataka,HAVERI,Other Rabi pulses,2003-04,Rabi,1582,Hectare,214.0,Tonnes,0.135271808
Karnataka,KODAGU,Other Rabi pulses,2001-02,Rabi,605,Hectare,65.0,Tonnes,0.107438017
Karnataka,KODAGU,Other Rabi pulses,2002-03,Rabi,76,Hectare,8.0,Tonnes,0.105263158
Karnataka,KODAGU,Other Rabi pulses,2003-04,Rabi,184,Hectare,20.0,Tonnes,0.108695652
Karnataka,KOLAR,Other Rabi pulses,2001-02,Rabi,152,Hectare,18.0,Tonnes,0.118421053
Karnataka,KOLAR,Other Rabi pulses,2002-03,Rabi,406,Hectare,49.0,Tonnes,0.120689655
Karnataka,KOPPAL,Other Rabi pulses,2001-02,Rabi,4306,Hectare,486.0,Tonnes,0.112865769
Karnataka,KOPPAL,Other Rabi pulses,2002-03,Rabi,2132,Hectare,241.0,Tonnes,0.1130394
Karnataka,KOPPAL,Other Rabi pulses,2003-04,Rabi,1468,Hectare,166.0,Tonnes,0.113079019
Karnataka,MANDYA,Other Rabi pulses,2001-02,Rabi,508,Hectare,45.0,Tonnes,0.088582677
Karnataka,MANDYA,Other Rabi pulses,2002-03,Rabi,1336,Hectare,119.0,Tonnes,0.089071856
Karnataka,MANDYA,Other Rabi pulses,2003-04,Rabi,975,Hectare,89.0,Tonnes,0.091282051
Karnataka,MYSORE,Other Rabi pulses,2001-02,Rabi,5350,Hectare,580.0,Tonnes,0.108411215
Karnataka,MYSORE,Other Rabi pulses,2002-03,Rabi,9486,Hectare,963.0,Tonnes,0.101518027
Karnataka,MYSORE,Other Rabi pulses,2003-04,Rabi,4098,Hectare,422.0,Tonnes,0.102977062
Karnataka,RAICHUR,Other Rabi pulses,2001-02,Rabi,20,Hectare,2.0,Tonnes,0.1
Karnataka,RAICHUR,Other Rabi pulses,2002-03,Rabi,65,Hectare,7.0,Tonnes,0.107692308
Karnataka,RAICHUR,Other Rabi pulses,2003-04,Rabi,1,Hectare,0.0,Tonnes,0.0
Karnataka,SHIMOGA,Other Rabi pulses,2001-02,Rabi,653,Hectare,79.0,Tonnes,0.120980092
Karnataka,SHIMOGA,Other Rabi pulses,2002-03,Rabi,667,Hectare,81.0,Tonnes,0.12143928
Karnataka,SHIMOGA,Other Rabi pulses,2003-04,Rabi,762,Hectare,93.0,Tonnes,0.122047244
Karnataka,TUMKUR,Other Rabi pulses,2001-02,Rabi,431,Hectare,51.0,Tonnes,0.118329466
Karnataka,TUMKUR,Other Rabi pulses,2002-03,Rabi,1144,Hectare,141.0,Tonnes,0.123251748
Karnataka,TUMKUR,Other Rabi pulses,2003-04,Rabi,106,Hectare,12.0,Tonnes,0.113207547
Karnataka,UDUPI,Other Rabi pulses,2001-02,Rabi,743,Hectare,79.0,Tonnes,0.106325707
Karnataka,UDUPI,Other Rabi pulses,2003-04,Rabi,406,Hectare,43.0,Tonnes,0.10591133
Karnataka,UTTAR KANNAD,Other Rabi pulses,2001-02,Rabi,403,Hectare,55.0,Tonnes,0.136476427
Karnataka,UTTAR KANNAD,Other Rabi pulses,2002-03,Rabi,445,Hectare,62.0,Tonnes,0.139325843
Karnataka,UTTAR KANNAD,Other Rabi pulses,2003-04,Rabi,427,Hectare,59.0,Tonnes,0.138173302
Karnataka,BAGALKOT,Other Kharif pulses,2001-02,Kharif,450,Hectare,151.0,Tonnes,0.335555556
Karnataka,BAGALKOT,Other Kharif pulses,2002-03,Kharif,9360,Hectare,1646.0,Tonnes,0.175854701
Karnataka,BAGALKOT,Other Kharif pulses,2003-04,Kharif,133,Hectare,45.0,Tonnes,0.338345865
Karnataka,BANGALORE RURAL,Other Kharif pulses,2001-02,Kharif,15964,Hectare,2793.0,Tonnes,0.174956151
Karnataka,BANGALORE RURAL,Other Kharif pulses,2002-03,Kharif,3095,Hectare,520.0,Tonnes,0.168012924
Karnataka,BANGALORE RURAL,Other Kharif pulses,2003-04,Kharif,11805,Hectare,2090.0,Tonnes,0.177043626
Karnataka,BELGAUM,Other Kharif pulses,2001-02,Kharif,4072,Hectare,1272.0,Tonnes,0.31237721
Karnataka,BELGAUM,Other Kharif pulses,2002-03,Kharif,5256,Hectare,1600.0,Tonnes,0.304414003
Karnataka,BELGAUM,Other Kharif pulses,2003-04,Kharif,1768,Hectare,527.0,Tonnes,0.298076923
Karnataka,BELLARY,Other Kharif pulses,2001-02,Kharif,1800,Hectare,442.0,Tonnes,0.245555556
Karnataka,BELLARY,Other Kharif pulses,2002-03,Kharif,983,Hectare,251.0,Tonnes,0.255340794
Karnataka,BELLARY,Other Kharif pulses,2003-04,Kharif,756,Hectare,195.0,Tonnes,0.257936508
Karnataka,BENGALURU URBAN,Other Kharif pulses,2001-02,Kharif,4974,Hectare,845.0,Tonnes,0.169883394
Karnataka,BENGALURU URBAN,Other Kharif pulses,2002-03,Kharif,1209,Hectare,389.0,Tonnes,0.321753515
Karnataka,BENGALURU URBAN,Other Kharif pulses,2003-04,Kharif,4421,Hectare,754.0,Tonnes,0.170549649
Karnataka,BIDAR,Other Kharif pulses,2001-02,Kharif,771,Hectare,80.0,Tonnes,0.103761349
Karnataka,BIDAR,Other Kharif pulses,2002-03,Kharif,963,Hectare,98.0,Tonnes,0.101765317
Karnataka,BIDAR,Other Kharif pulses,2003-04,Kharif,1054,Hectare,109.0,Tonnes,0.10341556
Karnataka,BIJAPUR,Other Kharif pulses,2001-02,Kharif,4208,Hectare,1454.0,Tonnes,0.345532319
Karnataka,BIJAPUR,Other Kharif pulses,2002-03,Kharif,7620,Hectare,2629.0,Tonnes,0.345013123
Karnataka,BIJAPUR,Other Kharif pulses,2003-04,Kharif,5492,Hectare,1903.0,Tonnes,0.346504006
Karnataka,CHAMARAJANAGAR,Other Kharif pulses,2001-02,Kharif,4283,Hectare,1886.0,Tonnes,0.440345552
Karnataka,CHAMARAJANAGAR,Other Kharif pulses,2002-03,Kharif,5979,Hectare,2712.0,Tonnes,0.453587556
Karnataka,CHAMARAJANAGAR,Other Kharif pulses,2003-04,Kharif,4652,Hectare,2051.0,Tonnes,0.440885641
Karnataka,CHIKMAGALUR,Other Kharif pulses,2001-02,Kharif,7281,Hectare,1693.0,Tonnes,0.232523005
Karnataka,CHIKMAGALUR,Other Kharif pulses,2002-03,Kharif,6193,Hectare,1421.0,Tonnes,0.229452608
Karnataka,CHIKMAGALUR,Other Kharif pulses,2003-04,Kharif,5096,Hectare,1174.0,Tonnes,0.230376766
Karnataka,CHITRADURGA,Other Kharif pulses,2001-02,Kharif,6502,Hectare,2098.0,Tonnes,0.322669948
Karnataka,CHITRADURGA,Other Kharif pulses,2002-03,Kharif,5659,Hectare,1815.0,Tonnes,0.320728044
Karnataka,CHITRADURGA,Other Kharif pulses,2003-04,Kharif,6376,Hectare,2065.0,Tonnes,0.323870765
Karnataka,DAVANGERE,Other Kharif pulses,2001-02,Kharif,2886,Hectare,931.0,Tonnes,0.322591823
Karnataka,DAVANGERE,Other Kharif pulses,2002-03,Kharif,2865,Hectare,922.0,Tonnes,0.321815009
Karnataka,DAVANGERE,Other Kharif pulses,2003-04,Kharif,2604,Hectare,842.0,Tonnes,0.323348694
Karnataka,DHARWAD,Other Kharif pulses,2001-02,Kharif,1141,Hectare,311.0,Tonnes,0.272567923
Karnataka,DHARWAD,Other Kharif pulses,2002-03,Kharif,1256,Hectare,350.0,Tonnes,0.27866242
Karnataka,DHARWAD,Other Kharif pulses,2003-04,Kharif,1236,Hectare,336.0,Tonnes,0.27184466
Karnataka,GADAG,Other Kharif pulses,2001-02,Kharif,913,Hectare,256.0,Tonnes,0.280394305
Karnataka,GADAG,Other Kharif pulses,2002-03,Kharif,1297,Hectare,363.0,Tonnes,0.279876638
Karnataka,GADAG,Other Kharif pulses,2003-04,Kharif,312,Hectare,87.0,Tonnes,0.278846154
Karnataka,GULBARGA,Other Kharif pulses,2001-02,Kharif,1483,Hectare,229.0,Tonnes,0.154416723
Karnataka,GULBARGA,Other Kharif pulses,2002-03,Kharif,1470,Hectare,215.0,Tonnes,0.146258503
Karnataka,GULBARGA,Other Kharif pulses,2003-04,Kharif,2227,Hectare,299.0,Tonnes,0.134261338
Karnataka,HASSAN,Other Kharif pulses,2001-02,Kharif,12761,Hectare,3470.0,Tonnes,0.271922263
Karnataka,HASSAN,Other Kharif pulses,2002-03,Kharif,7569,Hectare,2024.0,Tonnes,0.267406527
Karnataka,HASSAN,Other Kharif pulses,2003-04,Kharif,10918,Hectare,3078.0,Tonnes,0.281919766
Karnataka,HAVERI,Other Kharif pulses,2001-02,Kharif,2969,Hectare,788.0,Tonnes,0.265409229
Karnataka,HAVERI,Other Kharif pulses,2002-03,Kharif,2204,Hectare,604.0,Tonnes,0.274047187
Karnataka,HAVERI,Other Kharif pulses,2003-04,Kharif,1215,Hectare,328.0,Tonnes,0.269958848
Karnataka,KODAGU,Other Kharif pulses,2001-02,Kharif,315,Hectare,111.0,Tonnes,0.352380952
Karnataka,KODAGU,Other Kharif pulses,2002-03,Kharif,290,Hectare,102.0,Tonnes,0.351724138
Karnataka,KODAGU,Other Kharif pulses,2003-04,Kharif,55,Hectare,19.0,Tonnes,0.345454546
Karnataka,KOLAR,Other Kharif pulses,2001-02,Kharif,10311,Hectare,2660.0,Tonnes,0.257976918
Karnataka,KOLAR,Other Kharif pulses,2002-03,Kharif,5003,Hectare,1304.0,Tonnes,0.260643614
Karnataka,KOLAR,Other Kharif pulses,2003-04,Kharif,11716,Hectare,2956.0,Tonnes,0.252304541
Karnataka,KOPPAL,Other Kharif pulses,2001-02,Kharif,3955,Hectare,485.0,Tonnes,0.122629583
Karnataka,KOPPAL,Other Kharif pulses,2002-03,Kharif,5445,Hectare,672.0,Tonnes,0.123415978
Karnataka,KOPPAL,Other Kharif pulses,2003-04,Kharif,2563,Hectare,315.0,Tonnes,0.122902848
Karnataka,MANDYA,Other Kharif pulses,2001-02,Kharif,7693,Hectare,2637.0,Tonnes,0.34277915
Karnataka,MANDYA,Other Kharif pulses,2002-03,Kharif,4582,Hectare,1733.0,Tonnes,0.378219118
Karnataka,MANDYA,Other Kharif pulses,2003-04,Kharif,6991,Hectare,2676.0,Tonnes,0.382777857
Karnataka,MYSORE,Other Kharif pulses,2001-02,Kharif,27408,Hectare,13212.0,Tonnes,0.482049037
Karnataka,MYSORE,Other Kharif pulses,2002-03,Kharif,21318,Hectare,10156.0,Tonnes,0.476404916
Karnataka,MYSORE,Other Kharif pulses,2003-04,Kharif,24367,Hectare,11493.0,Tonnes,0.471662494
Karnataka,RAICHUR,Other Kharif pulses,2001-02,Kharif,252,Hectare,31.0,Tonnes,0.123015873
Karnataka,RAICHUR,Other Kharif pulses,2002-03,Kharif,659,Hectare,81.0,Tonnes,0.122913505
Karnataka,RAICHUR,Other Kharif pulses,2003-04,Kharif,370,Hectare,46.0,Tonnes,0.124324324
Karnataka,SHIMOGA,Other Kharif pulses,2001-02,Kharif,376,Hectare,160.0,Tonnes,0.425531915
Karnataka,SHIMOGA,Other Kharif pulses,2002-03,Kharif,599,Hectare,255.0,Tonnes,0.425709516
Karnataka,SHIMOGA,Other Kharif pulses,2003-04,Kharif,680,Hectare,290.0,Tonnes,0.426470588
Karnataka,TUMKUR,Other Kharif pulses,2001-02,Kharif,14538,Hectare,4622.0,Tonnes,0.317925437
Karnataka,TUMKUR,Other Kharif pulses,2002-03,Kharif,11460,Hectare,3654.0,Tonnes,0.318848168
Karnataka,TUMKUR,Other Kharif pulses,2003-04,Kharif,13750,Hectare,4332.0,Tonnes,0.315054546
Karnataka,UTTAR KANNAD,Other Kharif pulses,2001-02,Kharif,4,Hectare,1.0,Tonnes,0.25
Karnataka,UTTAR KANNAD,Other Kharif pulses,2002-03,Kharif,20,Hectare,7.0,Tonnes,0.35
Karnataka,UTTAR KANNAD,Other Kharif pulses,2003-04,Kharif,55,Hectare,19.0,Tonnes,0.345454546
Karnataka,BANGALORE RURAL,Peas & beans (Pulses),2001-02,Whole Year,675,Hectare,4498.0,Tonnes,6.663703704
Karnataka,BELGAUM,Peas & beans (Pulses),2001-02,Whole Year,43,Hectare,264.0,Tonnes,6.139534884
Karnataka,BENGALURU URBAN,Peas & beans (Pulses),2001-02,Whole Year,121,Hectare,942.0,Tonnes,7.785123967
Karnataka,BIDAR,Peas & beans (Pulses),2001-02,Whole Year,22,Hectare,151.0,Tonnes,6.863636364
Karnataka,BIJAPUR,Peas & beans (Pulses),2001-02,Whole Year,26,Hectare,170.0,Tonnes,6.538461538
Karnataka,CHAMARAJANAGAR,Peas & beans (Pulses),2001-02,Whole Year,358,Hectare,2169.0,Tonnes,6.058659218
Karnataka,CHIKMAGALUR,Peas & beans (Pulses),2001-02,Whole Year,140,Hectare,1034.0,Tonnes,7.385714286
Karnataka,CHITRADURGA,Peas & beans (Pulses),2001-02,Whole Year,36,Hectare,217.0,Tonnes,6.027777778
Karnataka,DAVANGERE,Peas & beans (Pulses),2001-02,Whole Year,53,Hectare,221.0,Tonnes,4.169811321
Karnataka,DHARWAD,Peas & beans (Pulses),2001-02,Whole Year,13,Hectare,74.0,Tonnes,5.692307692
Karnataka,HASSAN,Peas & beans (Pulses),2001-02,Whole Year,897,Hectare,6607.0,Tonnes,7.365663322
Karnataka,HAVERI,Peas & beans (Pulses),2001-02,Whole Year,47,Hectare,275.0,Tonnes,5.85106383
Karnataka,KOLAR,Peas & beans (Pulses),2001-02,Whole Year,3784,Hectare,21108.0,Tonnes,5.578224101
Karnataka,MANDYA,Peas & beans (Pulses),2001-02,Whole Year,411,Hectare,2526.0,Tonnes,6.145985401
Karnataka,MYSORE,Peas & beans (Pulses),2001-02,Whole Year,148,Hectare,763.0,Tonnes,5.155405405
Karnataka,RAICHUR,Peas & beans (Pulses),2001-02,Whole Year,49,Hectare,338.0,Tonnes,6.897959184
Karnataka,SHIMOGA,Peas & beans (Pulses),2001-02,Whole Year,61,Hectare,397.0,Tonnes,6.508196721
Karnataka,TUMKUR,Peas & beans (Pulses),2001-02,Whole Year,90,Hectare,443.0,Tonnes,4.922222222
Karnataka,BANGALORE RURAL,Potato,2001-02,Whole Year,1636,Hectare,27066.0,Tonnes,16.54400978
Karnataka,BANGALORE RURAL,Potato,2002-03,Whole Year,923,Hectare,5258.0,Tonnes,5.696641387
Karnataka,BANGALORE RURAL,Potato,2003-04,Whole Year,1467,Hectare,20886.0,Tonnes,14.23721881
Karnataka,BELGAUM,Potato,2001-02,Whole Year,5228,Hectare,63008.0,Tonnes,12.05202754
Karnataka,BELGAUM,Potato,2002-03,Whole Year,4513,Hectare,36267.0,Tonnes,8.036117882
Karnataka,BELGAUM,Potato,2003-04,Whole Year,5152,Hectare,49716.0,Tonnes,9.64984472
Karnataka,BENGALURU URBAN,Potato,2001-02,Whole Year,83,Hectare,1149.0,Tonnes,13.84337349
Karnataka,BENGALURU URBAN,Potato,2002-03,Whole Year,225,Hectare,1973.0,Tonnes,8.768888889
Karnataka,BENGALURU URBAN,Potato,2003-04,Whole Year,245,Hectare,2418.0,Tonnes,9.869387755
Karnataka,BIDAR,Potato,2001-02,Whole Year,58,Hectare,1122.0,Tonnes,19.34482759
Karnataka,BIDAR,Potato,2002-03,Whole Year,67,Hectare,707.0,Tonnes,10.55223881
Karnataka,BIDAR,Potato,2003-04,Whole Year,50,Hectare,550.0,Tonnes,11.0
Karnataka,CHAMARAJANAGAR,Potato,2001-02,Whole Year,10,Hectare,90.0,Tonnes,9.0
Karnataka,CHAMARAJANAGAR,Potato,2002-03,Whole Year,5,Hectare,10.0,Tonnes,2.0
Karnataka,CHAMARAJANAGAR,Potato,2003-04,Whole Year,2,Hectare,10.0,Tonnes,5.0
Karnataka,CHIKMAGALUR,Potato,2001-02,Whole Year,2552,Hectare,23524.0,Tonnes,9.217868339
Karnataka,CHIKMAGALUR,Potato,2002-03,Whole Year,1265,Hectare,2868.0,Tonnes,2.267193676
Karnataka,CHIKMAGALUR,Potato,2003-04,Whole Year,3454,Hectare,20360.0,Tonnes,5.894614939
Karnataka,DAVANGERE,Potato,2001-02,Whole Year,7,Hectare,63.0,Tonnes,9.0
Karnataka,DAVANGERE,Potato,2003-04,Whole Year,1,Hectare,5.0,Tonnes,5.0
Karnataka,DHARWAD,Potato,2001-02,Whole Year,2211,Hectare,2056.0,Tonnes,0.929895975
Karnataka,DHARWAD,Potato,2002-03,Whole Year,2224,Hectare,1762.0,Tonnes,0.792266187
Karnataka,DHARWAD,Potato,2003-04,Whole Year,2054,Hectare,62.0,Tonnes,0.030185005
Karnataka,GULBARGA,Potato,2001-02,Whole Year,2,Hectare,44.0,Tonnes,22.0
Karnataka,GULBARGA,Potato,2002-03,Whole Year,2,Hectare,26.0,Tonnes,13.0
Karnataka,GULBARGA,Potato,2003-04,Whole Year,4,Hectare,69.0,Tonnes,17.25
Karnataka,HASSAN,Potato,2001-02,Whole Year,15367,Hectare,138495.0,Tonnes,9.012494306
Karnataka,HASSAN,Potato,2002-03,Whole Year,35647,Hectare,50077.0,Tonnes,1.404802648
Karnataka,HASSAN,Potato,2003-04,Whole Year,35363,Hectare,155712.0,Tonnes,4.403246331
Karnataka,HAVERI,Potato,2002-03,Whole Year,14,Hectare,28.0,Tonnes,2.0
Karnataka,HAVERI,Potato,2003-04,Whole Year,1,Hectare,5.0,Tonnes,5.0
Karnataka,KOLAR,Potato,2001-02,Whole Year,11834,Hectare,214109.0,Tonnes,18.092699
Karnataka,KOLAR,Potato,2002-03,Whole Year,5550,Hectare,48176.0,Tonnes,8.68036036
Karnataka,KOLAR,Potato,2003-04,Whole Year,5116,Hectare,91056.0,Tonnes,17.79827991
Karnataka,MANDYA,Potato,2001-02,Whole Year,110,Hectare,2137.0,Tonnes,19.42727273
Karnataka,MANDYA,Potato,2002-03,Whole Year,150,Hectare,2010.0,Tonnes,13.4
Karnataka,MANDYA,Potato,2003-04,Whole Year,100,Hectare,1474.0,Tonnes,14.74
Karnataka,MYSORE,Potato,2001-02,Whole Year,50,Hectare,448.0,Tonnes,8.96
Karnataka,MYSORE,Potato,2002-03,Whole Year,52,Hectare,104.0,Tonnes,2.0
Karnataka,MYSORE,Potato,2003-04,Whole Year,50,Hectare,257.0,Tonnes,5.14
Karnataka,TUMKUR,Potato,2001-02,Whole Year,8,Hectare,96.0,Tonnes,12.0
Karnataka,TUMKUR,Potato,2002-03,Whole Year,8,Hectare,16.0,Tonnes,2.0
Karnataka,TUMKUR,Potato,2003-04,Whole Year,17,Hectare,172.0,Tonnes,10.11764706
Karnataka,BANGALORE RURAL,Ragi,2001-02,Kharif,146131,Hectare,283423.0,Tonnes,1.939513177
Karnataka,BANGALORE RURAL,Ragi,2001-02,Rabi,168,Hectare,230.0,Tonnes,1.369047619
Karnataka,BANGALORE RURAL,Ragi,2001-02,Summer,645,Hectare,1137.0,Tonnes,1.762790698
Karnataka,BANGALORE RURAL,Ragi,2002-03,Kharif,105139,Hectare,97923.0,Tonnes,0.931367047
Karnataka,BANGALORE RURAL,Ragi,2002-03,Rabi,427,Hectare,671.0,Tonnes,1.571428571
Karnataka,BANGALORE RURAL,Ragi,2002-03,Summer,426,Hectare,489.0,Tonnes,1.147887324
Karnataka,BANGALORE RURAL,Ragi,2003-04,Kharif,134499,Hectare,253694.0,Tonnes,1.886214767
Karnataka,BANGALORE RURAL,Ragi,2003-04,Rabi,245,Hectare,225.0,Tonnes,0.918367347
Karnataka,BANGALORE RURAL,Ragi,2003-04,Summer,449,Hectare,534.0,Tonnes,1.189309577
Karnataka,BELGAUM,Ragi,2001-02,Kharif,1995,Hectare,1911.0,Tonnes,0.957894737
Karnataka,BELGAUM,Ragi,2002-03,Kharif,1965,Hectare,1133.0,Tonnes,0.576590331
Karnataka,BELGAUM,Ragi,2003-04,Kharif,2024,Hectare,1591.0,Tonnes,0.786067194
Karnataka,BELLARY,Ragi,2001-02,Kharif,5844,Hectare,8087.0,Tonnes,1.383812457
Karnataka,BELLARY,Ragi,2001-02,Rabi,10,Hectare,11.0,Tonnes,1.1
Karnataka,BELLARY,Ragi,2002-03,Kharif,6325,Hectare,2775.0,Tonnes,0.438735178
Karnataka,BELLARY,Ragi,2002-03,Rabi,10,Hectare,16.0,Tonnes,1.6
Karnataka,BELLARY,Ragi,2002-03,Summer,14,Hectare,16.0,Tonnes,1.142857143
Karnataka,BELLARY,Ragi,2003-04,Kharif,9896,Hectare,8075.0,Tonnes,0.815986257
Karnataka,BELLARY,Ragi,2003-04,Rabi,211,Hectare,29.0,Tonnes,0.137440758
Karnataka,BELLARY,Ragi,2003-04,Summer,15,Hectare,18.0,Tonnes,1.2
Karnataka,BENGALURU URBAN,Ragi,2001-02,Kharif,47618,Hectare,111399.0,Tonnes,2.339430467
Karnataka,BENGALURU URBAN,Ragi,2001-02,Rabi,152,Hectare,208.0,Tonnes,1.368421053
Karnataka,BENGALURU URBAN,Ragi,2001-02,Summer,179,Hectare,274.0,Tonnes,1.530726257
Karnataka,BENGALURU URBAN,Ragi,2002-03,Kharif,32037,Hectare,34515.0,Tonnes,1.077348066
Karnataka,BENGALURU URBAN,Ragi,2002-03,Rabi,349,Hectare,548.0,Tonnes,1.570200573
Karnataka,BENGALURU URBAN,Ragi,2002-03,Summer,146,Hectare,168.0,Tonnes,1.150684932
Karnataka,BENGALURU URBAN,Ragi,2003-04,Kharif,41685,Hectare,74079.0,Tonnes,1.77711407
Karnataka,BENGALURU URBAN,Ragi,2003-04,Rabi,133,Hectare,122.0,Tonnes,0.917293233
Karnataka,BENGALURU URBAN,Ragi,2003-04,Summer,78,Hectare,93.0,Tonnes,1.192307692
Karnataka,CHAMARAJANAGAR,Ragi,2001-02,Kharif,23850,Hectare,38708.0,Tonnes,1.622976939
Karnataka,CHAMARAJANAGAR,Ragi,2001-02,Rabi,2845,Hectare,3325.0,Tonnes,1.168717047
Karnataka,CHAMARAJANAGAR,Ragi,2001-02,Summer,900,Hectare,1587.0,Tonnes,1.763333333
Karnataka,CHAMARAJANAGAR,Ragi,2002-03,Kharif,21653,Hectare,28460.0,Tonnes,1.314367524
Karnataka,CHAMARAJANAGAR,Ragi,2002-03,Rabi,1167,Hectare,1833.0,Tonnes,1.570694087
Karnataka,CHAMARAJANAGAR,Ragi,2002-03,Summer,866,Hectare,994.0,Tonnes,1.147806005
Karnataka,CHAMARAJANAGAR,Ragi,2003-04,Kharif,24133,Hectare,15275.0,Tonnes,0.632950731
Karnataka,CHAMARAJANAGAR,Ragi,2003-04,Rabi,1934,Hectare,1509.0,Tonnes,0.78024819
Karnataka,CHAMARAJANAGAR,Ragi,2003-04,Summer,1023,Hectare,1217.0,Tonnes,1.189638319
Karnataka,CHIKMAGALUR,Ragi,2001-02,Kharif,61247,Hectare,87219.0,Tonnes,1.424053423
Karnataka,CHIKMAGALUR,Ragi,2001-02,Rabi,202,Hectare,227.0,Tonnes,1.123762376
Karnataka,CHIKMAGALUR,Ragi,2002-03,Kharif,56877,Hectare,63813.0,Tonnes,1.12194736
Karnataka,CHIKMAGALUR,Ragi,2002-03,Rabi,885,Hectare,497.0,Tonnes,0.561581921
Karnataka,CHIKMAGALUR,Ragi,2003-04,Kharif,59855,Hectare,45376.0,Tonnes,0.758098739
Karnataka,CHIKMAGALUR,Ragi,2003-04,Rabi,32,Hectare,3.0,Tonnes,0.09375
Karnataka,CHITRADURGA,Ragi,2001-02,Kharif,66627,Hectare,99239.0,Tonnes,1.489471235
Karnataka,CHITRADURGA,Ragi,2001-02,Rabi,474,Hectare,650.0,Tonnes,1.371308017
Karnataka,CHITRADURGA,Ragi,2001-02,Summer,1650,Hectare,2470.0,Tonnes,1.496969697
Karnataka,CHITRADURGA,Ragi,2002-03,Kharif,59991,Hectare,62857.0,Tonnes,1.047773833
Karnataka,CHITRADURGA,Ragi,2002-03,Rabi,1417,Hectare,1602.0,Tonnes,1.130557516
Karnataka,CHITRADURGA,Ragi,2002-03,Summer,1174,Hectare,1347.0,Tonnes,1.147359455
Karnataka,CHITRADURGA,Ragi,2003-04,Kharif,76547,Hectare,60243.0,Tonnes,0.787006676
Karnataka,CHITRADURGA,Ragi,2003-04,Rabi,377,Hectare,346.0,Tonnes,0.917771883
Karnataka,CHITRADURGA,Ragi,2003-04,Summer,1197,Hectare,1423.0,Tonnes,1.188805347
Karnataka,DAVANGERE,Ragi,2001-02,Kharif,35495,Hectare,49822.0,Tonnes,1.403634315
Karnataka,DAVANGERE,Ragi,2001-02,Summer,165,Hectare,253.0,Tonnes,1.533333333
Karnataka,DAVANGERE,Ragi,2002-03,Kharif,29761,Hectare,22834.0,Tonnes,0.767245724
Karnataka,DAVANGERE,Ragi,2002-03,Rabi,37,Hectare,58.0,Tonnes,1.567567568
Karnataka,DAVANGERE,Ragi,2002-03,Summer,237,Hectare,272.0,Tonnes,1.147679325
Karnataka,DAVANGERE,Ragi,2003-04,Kharif,44856,Hectare,42596.0,Tonnes,0.949616551
Karnataka,DAVANGERE,Ragi,2003-04,Rabi,50,Hectare,36.0,Tonnes,0.72
Karnataka,DAVANGERE,Ragi,2003-04,Summer,312,Hectare,371.0,Tonnes,1.189102564
Karnataka,DHARWAD,Ragi,2001-02,Kharif,317,Hectare,331.0,Tonnes,1.044164038
Karnataka,DHARWAD,Ragi,2002-03,Kharif,162,Hectare,78.0,Tonnes,0.481481482
Karnataka,DHARWAD,Ragi,2003-04,Kharif,83,Hectare,91.0,Tonnes,1.096385542
Karnataka,GADAG,Ragi,2001-02,Kharif,29,Hectare,45.0,Tonnes,1.551724138
Karnataka,GADAG,Ragi,2002-03,Kharif,50,Hectare,24.0,Tonnes,0.48
Karnataka,GADAG,Ragi,2003-04,Kharif,52,Hectare,57.0,Tonnes,1.096153846
Karnataka,HASSAN,Ragi,2001-02,Kharif,100335,Hectare,170597.0,Tonnes,1.700274082
Karnataka,HASSAN,Ragi,2001-02,Rabi,15015,Hectare,13707.0,Tonnes,0.912887113
Karnataka,HASSAN,Ragi,2001-02,Summer,232,Hectare,356.0,Tonnes,1.534482759
Karnataka,HASSAN,Ragi,2002-03,Kharif,82096,Hectare,89454.0,Tonnes,1.089626778
Karnataka,HASSAN,Ragi,2002-03,Rabi,33016,Hectare,14114.0,Tonnes,0.427489702
Karnataka,HASSAN,Ragi,2002-03,Summer,281,Hectare,322.0,Tonnes,1.145907473
Karnataka,HASSAN,Ragi,2003-04,Kharif,101116,Hectare,91377.0,Tonnes,0.903684877
Karnataka,HASSAN,Ragi,2003-04,Rabi,41181,Hectare,2543.0,Tonnes,0.061751779
Karnataka,HASSAN,Ragi,2003-04,Summer,241,Hectare,287.0,Tonnes,1.190871369
Karnataka,HAVERI,Ragi,2001-02,Kharif,2370,Hectare,1507.0,Tonnes,0.635864979
Karnataka,HAVERI,Ragi,2002-03,Kharif,1711,Hectare,893.0,Tonnes,0.521917008
Karnataka,HAVERI,Ragi,2003-04,Kharif,2382,Hectare,741.0,Tonnes,0.311083123
Karnataka,KODAGU,Ragi,2001-02,Kharif,575,Hectare,866.0,Tonnes,1.506086957
Karnataka,KODAGU,Ragi,2001-02,Summer,75,Hectare,115.0,Tonnes,1.533333333
Karnataka,KODAGU,Ragi,2002-03,Kharif,365,Hectare,307.0,Tonnes,0.84109589
Karnataka,KODAGU,Ragi,2003-04,Kharif,450,Hectare,514.0,Tonnes,1.142222222
Karnataka,KOLAR,Ragi,2001-02,Kharif,100223,Hectare,165110.0,Tonnes,1.647426239
Karnataka,KOLAR,Ragi,2001-02,Rabi,12,Hectare,16.0,Tonnes,1.333333333
Karnataka,KOLAR,Ragi,2001-02,Summer,668,Hectare,1024.0,Tonnes,1.532934132
Karnataka,KOLAR,Ragi,2002-03,Kharif,46550,Hectare,27240.0,Tonnes,0.585177229
Karnataka,KOLAR,Ragi,2002-03,Rabi,4315,Hectare,6776.0,Tonnes,1.570336037
Karnataka,KOLAR,Ragi,2002-03,Summer,388,Hectare,445.0,Tonnes,1.146907216
Karnataka,KOLAR,Ragi,2003-04,Kharif,120681,Hectare,176361.0,Tonnes,1.461381659
Karnataka,KOLAR,Ragi,2003-04,Rabi,108,Hectare,99.0,Tonnes,0.916666667
Karnataka,KOLAR,Ragi,2003-04,Summer,129,Hectare,153.0,Tonnes,1.186046512
Karnataka,MANDYA,Ragi,2001-02,Kharif,67843,Hectare,127803.0,Tonnes,1.883805256
Karnataka,MANDYA,Ragi,2001-02,Rabi,7384,Hectare,8858.0,Tonnes,1.199620802
Karnataka,MANDYA,Ragi,2001-02,Summer,1769,Hectare,1934.0,Tonnes,1.093273036
Karnataka,MANDYA,Ragi,2002-03,Kharif,44718,Hectare,47439.0,Tonnes,1.060847981
Karnataka,MANDYA,Ragi,2002-03,Rabi,7062,Hectare,9617.0,Tonnes,1.361795525
Karnataka,MANDYA,Ragi,2002-03,Summer,1006,Hectare,1154.0,Tonnes,1.147117296
Karnataka,MANDYA,Ragi,2003-04,Kharif,59036,Hectare,67520.0,Tonnes,1.143708923
Karnataka,MANDYA,Ragi,2003-04,Rabi,5251,Hectare,4726.0,Tonnes,0.900019044
Karnataka,MANDYA,Ragi,2003-04,Summer,1297,Hectare,1543.0,Tonnes,1.189668466
Karnataka,MYSORE,Ragi,2001-02,Kharif,66135,Hectare,109676.0,Tonnes,1.658365465
Karnataka,MYSORE,Ragi,2001-02,Rabi,12642,Hectare,17457.0,Tonnes,1.38087328
Karnataka,MYSORE,Ragi,2001-02,Summer,756,Hectare,1159.0,Tonnes,1.533068783
Karnataka,MYSORE,Ragi,2002-03,Kharif,47217,Hectare,45080.0,Tonnes,0.954740877
Karnataka,MYSORE,Ragi,2002-03,Rabi,23032,Hectare,19920.0,Tonnes,0.86488364
Karnataka,MYSORE,Ragi,2002-03,Summer,654,Hectare,751.0,Tonnes,1.148318043
Karnataka,MYSORE,Ragi,2003-04,Kharif,61691,Hectare,74870.0,Tonnes,1.213629217
Karnataka,MYSORE,Ragi,2003-04,Rabi,14384,Hectare,3701.0,Tonnes,0.257299778
Karnataka,MYSORE,Ragi,2003-04,Summer,619,Hectare,736.0,Tonnes,1.18901454
Karnataka,SHIMOGA,Ragi,2001-02,Kharif,5558,Hectare,6688.0,Tonnes,1.203310543
Karnataka,SHIMOGA,Ragi,2001-02,Rabi,1,Hectare,1.0,Tonnes,1.0
Karnataka,SHIMOGA,Ragi,2001-02,Summer,116,Hectare,178.0,Tonnes,1.534482759
Karnataka,SHIMOGA,Ragi,2002-03,Kharif,5123,Hectare,5524.0,Tonnes,1.078274449
Karnataka,SHIMOGA,Ragi,2002-03,Summer,384,Hectare,441.0,Tonnes,1.1484375
Karnataka,SHIMOGA,Ragi,2003-04,Kharif,5012,Hectare,6698.0,Tonnes,1.336392658
Karnataka,SHIMOGA,Ragi,2003-04,Summer,335,Hectare,398.0,Tonnes,1.188059701
Karnataka,TUMKUR,Ragi,2001-02,Kharif,171518,Hectare,216119.0,Tonnes,1.260036847
Karnataka,TUMKUR,Ragi,2001-02,Rabi,1481,Hectare,1845.0,Tonnes,1.245779878
Karnataka,TUMKUR,Ragi,2001-02,Summer,2116,Hectare,3667.0,Tonnes,1.732986767
Karnataka,TUMKUR,Ragi,2002-03,Kharif,139019,Hectare,116029.0,Tonnes,0.834626922
Karnataka,TUMKUR,Ragi,2002-03,Rabi,7697,Hectare,4481.0,Tonnes,0.582174873
Karnataka,TUMKUR,Ragi,2002-03,Summer,1353,Hectare,1553.0,Tonnes,1.14781966
Karnataka,TUMKUR,Ragi,2003-04,Kharif,182390,Hectare,184374.0,Tonnes,1.010877789
Karnataka,TUMKUR,Ragi,2003-04,Rabi,1362,Hectare,365.0,Tonnes,0.267988253
Karnataka,TUMKUR,Ragi,2003-04,Summer,870,Hectare,1035.0,Tonnes,1.189655172
Karnataka,UTTAR KANNAD,Ragi,2001-02,Kharif,42,Hectare,44.0,Tonnes,1.047619048
Karnataka,UTTAR KANNAD,Ragi,2001-02,Rabi,21,Hectare,25.0,Tonnes,1.19047619
Karnataka,UTTAR KANNAD,Ragi,2002-03,Kharif,42,Hectare,20.0,Tonnes,0.476190476
Karnataka,UTTAR KANNAD,Ragi,2002-03,Rabi,4,Hectare,6.0,Tonnes,1.5
Karnataka,UTTAR KANNAD,Ragi,2003-04,Kharif,42,Hectare,46.0,Tonnes,1.095238095
Karnataka,UTTAR KANNAD,Ragi,2003-04,Rabi,3,Hectare,3.0,Tonnes,1.0
Karnataka,BAGALKOT,Rapeseed &Mustard,2001-02,Rabi,74,Hectare,11.0,Tonnes,0.148648649
Karnataka,BAGALKOT,Rapeseed &Mustard,2002-03,Rabi,80,Hectare,12.0,Tonnes,0.15
Karnataka,BAGALKOT,Rapeseed &Mustard,2003-04,Rabi,65,Hectare,10.0,Tonnes,0.153846154
Karnataka,BANGALORE RURAL,Rapeseed &Mustard,2001-02,Rabi,1766,Hectare,573.0,Tonnes,0.324462061
Karnataka,BANGALORE RURAL,Rapeseed &Mustard,2002-03,Rabi,957,Hectare,311.0,Tonnes,0.324973877
Karnataka,BANGALORE RURAL,Rapeseed &Mustard,2003-04,Rabi,1377,Hectare,447.0,Tonnes,0.324618736
Karnataka,BELGAUM,Rapeseed &Mustard,2001-02,Rabi,497,Hectare,69.0,Tonnes,0.138832998
Karnataka,BELGAUM,Rapeseed &Mustard,2002-03,Rabi,457,Hectare,63.0,Tonnes,0.13785558
Karnataka,BELGAUM,Rapeseed &Mustard,2003-04,Rabi,205,Hectare,28.0,Tonnes,0.136585366
Karnataka,BELLARY,Rapeseed &Mustard,2001-02,Rabi,185,Hectare,14.0,Tonnes,0.075675676
Karnataka,BELLARY,Rapeseed &Mustard,2002-03,Rabi,29,Hectare,2.0,Tonnes,0.068965517
Karnataka,BELLARY,Rapeseed &Mustard,2003-04,Rabi,10,Hectare,1.0,Tonnes,0.1
Karnataka,BENGALURU URBAN,Rapeseed &Mustard,2001-02,Rabi,772,Hectare,251.0,Tonnes,0.325129534
Karnataka,BENGALURU URBAN,Rapeseed &Mustard,2002-03,Rabi,430,Hectare,140.0,Tonnes,0.325581395
Karnataka,BENGALURU URBAN,Rapeseed &Mustard,2003-04,Rabi,861,Hectare,280.0,Tonnes,0.325203252
Karnataka,BIDAR,Rapeseed &Mustard,2001-02,Rabi,17,Hectare,1.0,Tonnes,0.058823529
Karnataka,BIDAR,Rapeseed &Mustard,2002-03,Rabi,22,Hectare,2.0,Tonnes,0.090909091
Karnataka,BIDAR,Rapeseed &Mustard,2003-04,Rabi,14,Hectare,1.0,Tonnes,0.071428571
Karnataka,CHIKMAGALUR,Rapeseed &Mustard,2001-02,Rabi,282,Hectare,78.0,Tonnes,0.276595745
Karnataka,CHIKMAGALUR,Rapeseed &Mustard,2002-03,Rabi,188,Hectare,52.0,Tonnes,0.276595745
Karnataka,CHIKMAGALUR,Rapeseed &Mustard,2003-04,Rabi,202,Hectare,56.0,Tonnes,0.277227723
Karnataka,CHITRADURGA,Rapeseed &Mustard,2001-02,Rabi,339,Hectare,72.0,Tonnes,0.212389381
Karnataka,CHITRADURGA,Rapeseed &Mustard,2002-03,Rabi,146,Hectare,31.0,Tonnes,0.212328767
Karnataka,CHITRADURGA,Rapeseed &Mustard,2003-04,Rabi,174,Hectare,37.0,Tonnes,0.212643678
Karnataka,DAVANGERE,Rapeseed &Mustard,2001-02,Rabi,87,Hectare,19.0,Tonnes,0.218390805
Karnataka,DAVANGERE,Rapeseed &Mustard,2002-03,Rabi,90,Hectare,19.0,Tonnes,0.211111111
Karnataka,DAVANGERE,Rapeseed &Mustard,2003-04,Rabi,136,Hectare,29.0,Tonnes,0.213235294
Karnataka,DHARWAD,Rapeseed &Mustard,2001-02,Rabi,19,Hectare,3.0,Tonnes,0.157894737
Karnataka,DHARWAD,Rapeseed &Mustard,2002-03,Rabi,11,Hectare,2.0,Tonnes,0.181818182
Karnataka,DHARWAD,Rapeseed &Mustard,2003-04,Rabi,80,Hectare,13.0,Tonnes,0.1625
Karnataka,GADAG,Rapeseed &Mustard,2001-02,Rabi,230,Hectare,61.0,Tonnes,0.265217391
Karnataka,GADAG,Rapeseed &Mustard,2002-03,Rabi,18,Hectare,5.0,Tonnes,0.277777778
Karnataka,GULBARGA,Rapeseed &Mustard,2002-03,Rabi,103,Hectare,27.0,Tonnes,0.262135922
Karnataka,GULBARGA,Rapeseed &Mustard,2003-04,Rabi,137,Hectare,36.0,Tonnes,0.262773723
Karnataka,HASSAN,Rapeseed &Mustard,2001-02,Rabi,395,Hectare,107.0,Tonnes,0.270886076
Karnataka,HASSAN,Rapeseed &Mustard,2002-03,Rabi,242,Hectare,65.0,Tonnes,0.268595041
Karnataka,HASSAN,Rapeseed &Mustard,2003-04,Rabi,485,Hectare,131.0,Tonnes,0.270103093
Karnataka,HAVERI,Rapeseed &Mustard,2001-02,Rabi,148,Hectare,23.0,Tonnes,0.155405405
Karnataka,HAVERI,Rapeseed &Mustard,2002-03,Rabi,33,Hectare,5.0,Tonnes,0.151515152
Karnataka,HAVERI,Rapeseed &Mustard,2003-04,Rabi,30,Hectare,5.0,Tonnes,0.166666667
Karnataka,KOLAR,Rapeseed &Mustard,2001-02,Rabi,1245,Hectare,356.0,Tonnes,0.285943775
Karnataka,KOLAR,Rapeseed &Mustard,2002-03,Rabi,469,Hectare,134.0,Tonnes,0.285714286
Karnataka,KOLAR,Rapeseed &Mustard,2003-04,Rabi,1409,Hectare,403.0,Tonnes,0.286018453
Karnataka,RAICHUR,Rapeseed &Mustard,2001-02,Rabi,30,Hectare,8.0,Tonnes,0.266666667
Karnataka,RAICHUR,Rapeseed &Mustard,2002-03,Rabi,332,Hectare,89.0,Tonnes,0.268072289
Karnataka,RAICHUR,Rapeseed &Mustard,2003-04,Rabi,32,Hectare,9.0,Tonnes,0.28125
Karnataka,SHIMOGA,Rapeseed &Mustard,2001-02,Rabi,33,Hectare,10.0,Tonnes,0.303030303
Karnataka,SHIMOGA,Rapeseed &Mustard,2002-03,Rabi,38,Hectare,11.0,Tonnes,0.289473684
Karnataka,SHIMOGA,Rapeseed &Mustard,2003-04,Rabi,23,Hectare,7.0,Tonnes,0.304347826
Karnataka,TUMKUR,Rapeseed &Mustard,2001-02,Rabi,944,Hectare,249.0,Tonnes,0.263771186
Karnataka,TUMKUR,Rapeseed &Mustard,2002-03,Rabi,623,Hectare,164.0,Tonnes,0.263242376
Karnataka,TUMKUR,Rapeseed &Mustard,2003-04,Rabi,808,Hectare,213.0,Tonnes,0.263613861
Karnataka,UTTAR KANNAD,Rapeseed &Mustard,2002-03,Rabi,2,Hectare,0.1,Tonnes,0.05
Karnataka,BAGALKOT,Rice,2001-02,Kharif,171,Hectare,411.0,Tonnes,2.403508772
Karnataka,BAGALKOT,Rice,2001-02,Summer,13,Hectare,19.0,Tonnes,1.461538462
Karnataka,BAGALKOT,Rice,2002-03,Kharif,112,Hectare,230.0,Tonnes,2.053571429
Karnataka,BAGALKOT,Rice,2002-03,Summer,15,Hectare,16.0,Tonnes,1.066666667
Karnataka,BAGALKOT,Rice,2003-04,Kharif,93,Hectare,210.0,Tonnes,2.258064516
Karnataka,BAGALKOT,Rice,2003-04,Summer,2,Hectare,7.0,Tonnes,3.5
Karnataka,BANGALORE RURAL,Rice,2001-02,Kharif,11067,Hectare,28322.0,Tonnes,2.559139785
Karnataka,BANGALORE RURAL,Rice,2001-02,Rabi,169,Hectare,324.0,Tonnes,1.917159763
Karnataka,BANGALORE RURAL,Rice,2001-02,Summer,3073,Hectare,7891.0,Tonnes,2.567849007
Karnataka,BANGALORE RURAL,Rice,2002-03,Kharif,5722,Hectare,12953.0,Tonnes,2.263718979
Karnataka,BANGALORE RURAL,Rice,2002-03,Rabi,32,Hectare,67.0,Tonnes,2.09375
Karnataka,BANGALORE RURAL,Rice,2002-03,Summer,431,Hectare,1192.0,Tonnes,2.765661253
Karnataka,BANGALORE RURAL,Rice,2003-04,Kharif,5850,Hectare,13878.0,Tonnes,2.372307692
Karnataka,BANGALORE RURAL,Rice,2003-04,Rabi,240,Hectare,711.0,Tonnes,2.9625
Karnataka,BANGALORE RURAL,Rice,2003-04,Summer,481,Hectare,1920.0,Tonnes,3.991683992
Karnataka,BELGAUM,Rice,2001-02,Kharif,63662,Hectare,56350.0,Tonnes,0.885143414
Karnataka,BELGAUM,Rice,2001-02,Summer,77,Hectare,197.0,Tonnes,2.558441558
Karnataka,BELGAUM,Rice,2002-03,Kharif,65854,Hectare,37874.0,Tonnes,0.575120722
Karnataka,BELGAUM,Rice,2002-03,Summer,151,Hectare,405.0,Tonnes,2.682119205
Karnataka,BELGAUM,Rice,2003-04,Kharif,68016,Hectare,48851.0,Tonnes,0.718228064
Karnataka,BELGAUM,Rice,2003-04,Summer,111,Hectare,430.0,Tonnes,3.873873874
Karnataka,BELLARY,Rice,2001-02,Kharif,54582,Hectare,175813.0,Tonnes,3.22108021
Karnataka,BELLARY,Rice,2001-02,Summer,29231,Hectare,78310.0,Tonnes,2.679005166
Karnataka,BELLARY,Rice,2002-03,Kharif,64289,Hectare,215581.0,Tonnes,3.353310831
Karnataka,BELLARY,Rice,2002-03,Summer,7011,Hectare,17597.0,Tonnes,2.509912994
Karnataka,BELLARY,Rice,2003-04,Kharif,49995,Hectare,190076.0,Tonnes,3.80190019
Karnataka,BELLARY,Rice,2003-04,Summer,5971,Hectare,27818.0,Tonnes,4.658851114
Karnataka,BENGALURU URBAN,Rice,2001-02,Kharif,3753,Hectare,7313.0,Tonnes,1.948574474
Karnataka,BENGALURU URBAN,Rice,2001-02,Summer,1592,Hectare,3271.0,Tonnes,2.054648241
Karnataka,BENGALURU URBAN,Rice,2002-03,Kharif,2393,Hectare,4836.0,Tonnes,2.020894275
Karnataka,BENGALURU URBAN,Rice,2002-03,Summer,462,Hectare,1278.0,Tonnes,2.766233766
Karnataka,BENGALURU URBAN,Rice,2003-04,Kharif,2213,Hectare,4667.0,Tonnes,2.108901943
Karnataka,BENGALURU URBAN,Rice,2003-04,Rabi,5,Hectare,15.0,Tonnes,3.0
Karnataka,BENGALURU URBAN,Rice,2003-04,Summer,427,Hectare,2125.0,Tonnes,4.976580796
Karnataka,BIDAR,Rice,2001-02,Kharif,11224,Hectare,9048.0,Tonnes,0.806129722
Karnataka,BIDAR,Rice,2001-02,Rabi,30,Hectare,45.0,Tonnes,1.5
Karnataka,BIDAR,Rice,2002-03,Kharif,10083,Hectare,5672.0,Tonnes,0.562530993
Karnataka,BIDAR,Rice,2002-03,Rabi,25,Hectare,40.0,Tonnes,1.6
Karnataka,BIDAR,Rice,2003-04,Kharif,8768,Hectare,3536.0,Tonnes,0.403284672
Karnataka,BIJAPUR,Rice,2001-02,Kharif,4,Hectare,6.0,Tonnes,1.5
Karnataka,BIJAPUR,Rice,2002-03,Kharif,15,Hectare,16.0,Tonnes,1.066666667
Karnataka,BIJAPUR,Rice,2003-04,Kharif,28,Hectare,31.0,Tonnes,1.107142857
Karnataka,CHAMARAJANAGAR,Rice,2001-02,Kharif,16603,Hectare,49259.0,Tonnes,2.966873457
Karnataka,CHAMARAJANAGAR,Rice,2001-02,Rabi,600,Hectare,1150.0,Tonnes,1.916666667
Karnataka,CHAMARAJANAGAR,Rice,2001-02,Summer,1788,Hectare,5191.0,Tonnes,2.903243848
Karnataka,CHAMARAJANAGAR,Rice,2002-03,Kharif,10474,Hectare,34458.0,Tonnes,3.289860607
Karnataka,CHAMARAJANAGAR,Rice,2002-03,Rabi,900,Hectare,1879.0,Tonnes,2.087777778
Karnataka,CHAMARAJANAGAR,Rice,2002-03,Summer,669,Hectare,1135.0,Tonnes,1.696562033
Karnataka,CHAMARAJANAGAR,Rice,2003-04,Kharif,9729,Hectare,26018.0,Tonnes,2.674272793
Karnataka,CHAMARAJANAGAR,Rice,2003-04,Rabi,826,Hectare,2448.0,Tonnes,2.963680387
Karnataka,CHAMARAJANAGAR,Rice,2003-04,Summer,910,Hectare,3302.0,Tonnes,3.628571429
Karnataka,CHIKMAGALUR,Rice,2001-02,Kharif,44486,Hectare,102979.0,Tonnes,2.314863103
Karnataka,CHIKMAGALUR,Rice,2001-02,Summer,3067,Hectare,8904.0,Tonnes,2.9031627
Karnataka,CHIKMAGALUR,Rice,2002-03,Kharif,42970,Hectare,84557.0,Tonnes,1.967814754
Karnataka,CHIKMAGALUR,Rice,2002-03,Summer,1014,Hectare,2871.0,Tonnes,2.831360947
Karnataka,CHIKMAGALUR,Rice,2003-04,Kharif,40634,Hectare,76842.0,Tonnes,1.891076438
Karnataka,CHIKMAGALUR,Rice,2003-04,Summer,855,Hectare,3103.0,Tonnes,3.629239766
Karnataka,CHITRADURGA,Rice,2001-02,Kharif,6680,Hectare,14053.0,Tonnes,2.103742515
Karnataka,CHITRADURGA,Rice,2001-02,Rabi,1354,Hectare,2575.0,Tonnes,1.901772526
Karnataka,CHITRADURGA,Rice,2001-02,Summer,4425,Hectare,9838.0,Tonnes,2.223276836
Karnataka,CHITRADURGA,Rice,2002-03,Kharif,4922,Hectare,10097.0,Tonnes,2.051401869
Karnataka,CHITRADURGA,Rice,2002-03,Rabi,1314,Hectare,2867.0,Tonnes,2.181887367
Karnataka,CHITRADURGA,Rice,2002-03,Summer,1522,Hectare,3515.0,Tonnes,2.309461235
Karnataka,CHITRADURGA,Rice,2003-04,Kharif,3489,Hectare,6921.0,Tonnes,1.983662941
Karnataka,CHITRADURGA,Rice,2003-04,Rabi,796,Hectare,2665.0,Tonnes,3.34798995
Karnataka,CHITRADURGA,Rice,2003-04,Summer,911,Hectare,2626.0,Tonnes,2.882546652
Karnataka,DAKSHIN KANNAD,Rice,2001-02,Kharif,34278,Hectare,74077.0,Tonnes,2.161065406
Karnataka,DAKSHIN KANNAD,Rice,2001-02,Rabi,24922,Hectare,54460.0,Tonnes,2.18521788
Karnataka,DAKSHIN KANNAD,Rice,2001-02,Summer,2688,Hectare,6157.0,Tonnes,2.290550595
Karnataka,DAKSHIN KANNAD,Rice,2002-03,Kharif,33223,Hectare,74851.0,Tonnes,2.252987388
Karnataka,DAKSHIN KANNAD,Rice,2002-03,Rabi,23970,Hectare,47225.0,Tonnes,1.970171047
Karnataka,DAKSHIN KANNAD,Rice,2002-03,Summer,2358,Hectare,4843.0,Tonnes,2.053859203
Karnataka,DAKSHIN KANNAD,Rice,2003-04,Kharif,33416,Hectare,80414.0,Tonnes,2.406451999
Karnataka,DAKSHIN KANNAD,Rice,2003-04,Rabi,23424,Hectare,71573.0,Tonnes,3.055541325
Karnataka,DAKSHIN KANNAD,Rice,2003-04,Summer,2262,Hectare,8211.0,Tonnes,3.629973475
Karnataka,DAVANGERE,Rice,2001-02,Kharif,67016,Hectare,227128.0,Tonnes,3.389160797
Karnataka,DAVANGERE,Rice,2001-02,Summer,39818,Hectare,123997.0,Tonnes,3.114094128
Karnataka,DAVANGERE,Rice,2002-03,Kharif,65565,Hectare,193519.0,Tonnes,2.951559521
Karnataka,DAVANGERE,Rice,2002-03,Summer,11376,Hectare,29904.0,Tonnes,2.628691983
Karnataka,DAVANGERE,Rice,2003-04,Kharif,53106,Hectare,166588.0,Tonnes,3.136896019
Karnataka,DAVANGERE,Rice,2003-04,Summer,5618,Hectare,27956.0,Tonnes,4.976148095
Karnataka,DHARWAD,Rice,2001-02,Kharif,38948,Hectare,8323.0,Tonnes,0.213695183
Karnataka,DHARWAD,Rice,2001-02,Summer,376,Hectare,1008.0,Tonnes,2.680851064
Karnataka,DHARWAD,Rice,2002-03,Kharif,38239,Hectare,7557.0,Tonnes,0.197625461
Karnataka,DHARWAD,Rice,2002-03,Summer,263,Hectare,656.0,Tonnes,2.494296578
Karnataka,DHARWAD,Rice,2003-04,Kharif,29090,Hectare,6476.0,Tonnes,0.222619457
Karnataka,DHARWAD,Rice,2003-04,Summer,226,Hectare,878.0,Tonnes,3.884955752
Karnataka,GADAG,Rice,2001-02,Kharif,705,Hectare,1411.0,Tonnes,2.00141844
Karnataka,GADAG,Rice,2001-02,Rabi,3,Hectare,4.0,Tonnes,1.333333333
Karnataka,GADAG,Rice,2001-02,Summer,324,Hectare,779.0,Tonnes,2.404320988
Karnataka,GADAG,Rice,2002-03,Kharif,1233,Hectare,2732.0,Tonnes,2.215733982
Karnataka,GADAG,Rice,2002-03,Summer,180,Hectare,333.0,Tonnes,1.85
Karnataka,GADAG,Rice,2003-04,Kharif,1244,Hectare,2867.0,Tonnes,2.304662379
Karnataka,GADAG,Rice,2003-04,Summer,299,Hectare,1079.0,Tonnes,3.608695652
Karnataka,GULBARGA,Rice,2001-02,Kharif,18722,Hectare,32644.0,Tonnes,1.743617135
Karnataka,GULBARGA,Rice,2001-02,Rabi,7271,Hectare,4620.0,Tonnes,0.635400908
Karnataka,GULBARGA,Rice,2001-02,Summer,15635,Hectare,28281.0,Tonnes,1.808826351
Karnataka,GULBARGA,Rice,2002-03,Kharif,25098,Hectare,48090.0,Tonnes,1.916088931
Karnataka,GULBARGA,Rice,2002-03,Rabi,4913,Hectare,12198.0,Tonnes,2.482800733
Karnataka,GULBARGA,Rice,2002-03,Summer,17599,Hectare,41226.0,Tonnes,2.342519461
Karnataka,GULBARGA,Rice,2003-04,Kharif,32457,Hectare,75482.0,Tonnes,2.325600025
Karnataka,GULBARGA,Rice,2003-04,Rabi,4701,Hectare,9863.0,Tonnes,2.098064242
Karnataka,GULBARGA,Rice,2003-04,Summer,28529,Hectare,104074.0,Tonnes,3.648007291
Karnataka,HASSAN,Rice,2001-02,Kharif,52286,Hectare,132604.0,Tonnes,2.536128218
Karnataka,HASSAN,Rice,2001-02,Rabi,1952,Hectare,4840.0,Tonnes,2.479508197
Karnataka,HASSAN,Rice,2001-02,Summer,2928,Hectare,6693.0,Tonnes,2.285860656
Karnataka,HASSAN,Rice,2002-03,Kharif,45807,Hectare,76209.0,Tonnes,1.663697688
Karnataka,HASSAN,Rice,2002-03,Rabi,1830,Hectare,3115.0,Tonnes,1.702185792
Karnataka,HASSAN,Rice,2002-03,Summer,1147,Hectare,2880.0,Tonnes,2.510897995
Karnataka,HASSAN,Rice,2003-04,Kharif,37991,Hectare,63113.0,Tonnes,1.661261878
Karnataka,HASSAN,Rice,2003-04,Rabi,793,Hectare,1318.0,Tonnes,1.662042875
Karnataka,HASSAN,Rice,2003-04,Summer,749,Hectare,3258.0,Tonnes,4.349799733
Karnataka,HAVERI,Rice,2001-02,Kharif,56369,Hectare,27476.0,Tonnes,0.487431035
Karnataka,HAVERI,Rice,2001-02,Summer,1765,Hectare,3493.0,Tonnes,1.979036827
Karnataka,HAVERI,Rice,2002-03,Kharif,55222,Hectare,23928.0,Tonnes,0.433305567
Karnataka,HAVERI,Rice,2002-03,Rabi,53,Hectare,111.0,Tonnes,2.094339623
Karnataka,HAVERI,Rice,2002-03,Summer,2098,Hectare,3576.0,Tonnes,1.704480458
Karnataka,HAVERI,Rice,2003-04,Kharif,35641,Hectare,24198.0,Tonnes,0.678937179
Karnataka,HAVERI,Rice,2003-04,Summer,1467,Hectare,5385.0,Tonnes,3.670756646
Karnataka,KODAGU,Rice,2001-02,Kharif,35742,Hectare,89223.0,Tonnes,2.496306866
Karnataka,KODAGU,Rice,2001-02,Rabi,11,Hectare,21.0,Tonnes,1.909090909
Karnataka,KODAGU,Rice,2001-02,Summer,511,Hectare,1288.0,Tonnes,2.520547945
Karnataka,KODAGU,Rice,2002-03,Kharif,35248,Hectare,69729.0,Tonnes,1.9782399
Karnataka,KODAGU,Rice,2002-03,Rabi,9,Hectare,19.0,Tonnes,2.111111111
Karnataka,KODAGU,Rice,2002-03,Summer,90,Hectare,226.0,Tonnes,2.511111111
Karnataka,KODAGU,Rice,2003-04,Kharif,35917,Hectare,71460.0,Tonnes,1.989587104
Karnataka,KODAGU,Rice,2003-04,Rabi,12,Hectare,36.0,Tonnes,3.0
Karnataka,KODAGU,Rice,2003-04,Summer,177,Hectare,679.0,Tonnes,3.836158192
Karnataka,KOLAR,Rice,2001-02,Kharif,6189,Hectare,14118.0,Tonnes,2.281143965
Karnataka,KOLAR,Rice,2001-02,Summer,18419,Hectare,37848.0,Tonnes,2.054834682
Karnataka,KOLAR,Rice,2002-03,Kharif,5630,Hectare,11215.0,Tonnes,1.992007105
Karnataka,KOLAR,Rice,2002-03,Summer,220,Hectare,347.0,Tonnes,1.577272727
Karnataka,KOLAR,Rice,2003-04,Kharif,8368,Hectare,18998.0,Tonnes,2.270315488
Karnataka,KOLAR,Rice,2003-04,Summer,691,Hectare,1814.0,Tonnes,2.625180897
Karnataka,KOPPAL,Rice,2001-02,Kharif,37599,Hectare,135034.0,Tonnes,3.591425304
Karnataka,KOPPAL,Rice,2001-02,Summer,37126,Hectare,117413.0,Tonnes,3.162554544
Karnataka,KOPPAL,Rice,2002-03,Kharif,38244,Hectare,154793.0,Tonnes,4.047510721
Karnataka,KOPPAL,Rice,2002-03,Rabi,8,Hectare,13.0,Tonnes,1.625
Karnataka,KOPPAL,Rice,2002-03,Summer,4185,Hectare,13687.0,Tonnes,3.270489845
Karnataka,KOPPAL,Rice,2003-04,Kharif,37303,Hectare,153179.0,Tonnes,4.106345334
Karnataka,KOPPAL,Rice,2003-04,Summer,5930,Hectare,26966.0,Tonnes,4.547386172
Karnataka,MANDYA,Rice,2001-02,Kharif,57793,Hectare,176998.0,Tonnes,3.06262004
Karnataka,MANDYA,Rice,2001-02,Rabi,19,Hectare,36.0,Tonnes,1.894736842
Karnataka,MANDYA,Rice,2001-02,Summer,14182,Hectare,36458.0,Tonnes,2.570723452
Karnataka,MANDYA,Rice,2002-03,Kharif,38327,Hectare,110983.0,Tonnes,2.895687114
Karnataka,MANDYA,Rice,2002-03,Rabi,2000,Hectare,4176.0,Tonnes,2.088
Karnataka,MANDYA,Rice,2002-03,Summer,2797,Hectare,7201.0,Tonnes,2.574544154
Karnataka,MANDYA,Rice,2003-04,Kharif,52050,Hectare,167381.0,Tonnes,3.215773295
Karnataka,MANDYA,Rice,2003-04,Rabi,894,Hectare,2650.0,Tonnes,2.964205817
Karnataka,MANDYA,Rice,2003-04,Summer,1619,Hectare,6829.0,Tonnes,4.218035825
Karnataka,MYSORE,Rice,2001-02,Kharif,102365,Hectare,327885.0,Tonnes,3.203096762
Karnataka,MYSORE,Rice,2001-02,Rabi,176,Hectare,436.0,Tonnes,2.477272727
Karnataka,MYSORE,Rice,2001-02,Summer,12254,Hectare,33574.0,Tonnes,2.739840052
Karnataka,MYSORE,Rice,2002-03,Kharif,80233,Hectare,217716.0,Tonnes,2.713546795
Karnataka,MYSORE,Rice,2002-03,Rabi,627,Hectare,1309.0,Tonnes,2.087719298
Karnataka,MYSORE,Rice,2002-03,Summer,2487,Hectare,6355.0,Tonnes,2.555287495
Karnataka,MYSORE,Rice,2003-04,Kharif,76564,Hectare,228647.0,Tonnes,2.986351288
Karnataka,MYSORE,Rice,2003-04,Rabi,2484,Hectare,7363.0,Tonnes,2.964170692
Karnataka,MYSORE,Rice,2003-04,Summer,2454,Hectare,9449.0,Tonnes,3.850448248
Karnataka,RAICHUR,Rice,2001-02,Kharif,77825,Hectare,245184.0,Tonnes,3.150452939
Karnataka,RAICHUR,Rice,2001-02,Summer,43935,Hectare,108088.0,Tonnes,2.460179811
Karnataka,RAICHUR,Rice,2002-03,Kharif,81970,Hectare,271989.0,Tonnes,3.318152983
Karnataka,RAICHUR,Rice,2002-03,Summer,5954,Hectare,13383.0,Tonnes,2.247732617
Karnataka,RAICHUR,Rice,2003-04,Kharif,65710,Hectare,172865.0,Tonnes,2.630725917
Karnataka,RAICHUR,Rice,2003-04,Rabi,7058,Hectare,20920.0,Tonnes,2.964012468
Karnataka,RAICHUR,Rice,2003-04,Summer,6234,Hectare,18738.0,Tonnes,3.005774783
Karnataka,SHIMOGA,Rice,2001-02,Kharif,131783,Hectare,197149.0,Tonnes,1.496012384
Karnataka,SHIMOGA,Rice,2001-02,Summer,17038,Hectare,47441.0,Tonnes,2.784423054
Karnataka,SHIMOGA,Rice,2002-03,Kharif,131561,Hectare,195445.0,Tonnes,1.485584634
Karnataka,SHIMOGA,Rice,2002-03,Summer,7472,Hectare,19038.0,Tonnes,2.547912206
Karnataka,SHIMOGA,Rice,2003-04,Kharif,113986,Hectare,217783.0,Tonnes,1.91061183
Karnataka,SHIMOGA,Rice,2003-04,Rabi,5,Hectare,15.0,Tonnes,3.0
Karnataka,SHIMOGA,Rice,2003-04,Summer,6262,Hectare,24164.0,Tonnes,3.858831044
Karnataka,TUMKUR,Rice,2001-02,Kharif,24781,Hectare,58974.0,Tonnes,2.37980711
Karnataka,TUMKUR,Rice,2001-02,Rabi,1708,Hectare,3273.0,Tonnes,1.916276347
Karnataka,TUMKUR,Rice,2001-02,Summer,23875,Hectare,70221.0,Tonnes,2.941193717
Karnataka,TUMKUR,Rice,2002-03,Kharif,14283,Hectare,34214.0,Tonnes,2.395435133
Karnataka,TUMKUR,Rice,2002-03,Rabi,744,Hectare,1623.0,Tonnes,2.181451613
Karnataka,TUMKUR,Rice,2002-03,Summer,2509,Hectare,8041.0,Tonnes,3.204862495
Karnataka,TUMKUR,Rice,2003-04,Kharif,11589,Hectare,27546.0,Tonnes,2.376909138
Karnataka,TUMKUR,Rice,2003-04,Rabi,273,Hectare,917.0,Tonnes,3.358974359
Karnataka,TUMKUR,Rice,2003-04,Summer,1283,Hectare,5685.0,Tonnes,4.431021044
Karnataka,UDUPI,Rice,2001-02,Kharif,52119,Hectare,114744.0,Tonnes,2.20157716
Karnataka,UDUPI,Rice,2001-02,Rabi,12885,Hectare,23456.0,Tonnes,1.820411331
Karnataka,UDUPI,Rice,2001-02,Summer,725,Hectare,1402.0,Tonnes,1.933793103
Karnataka,UDUPI,Rice,2002-03,Kharif,51179,Hectare,107809.0,Tonnes,2.106508529
Karnataka,UDUPI,Rice,2002-03,Rabi,11841,Hectare,23960.0,Tonnes,2.023477747
Karnataka,UDUPI,Rice,2002-03,Summer,468,Hectare,1132.0,Tonnes,2.418803419
Karnataka,UDUPI,Rice,2003-04,Kharif,50975,Hectare,126487.0,Tonnes,2.481353605
Karnataka,UDUPI,Rice,2003-04,Rabi,10922,Hectare,30362.0,Tonnes,2.779893792
Karnataka,UDUPI,Rice,2003-04,Summer,206,Hectare,804.0,Tonnes,3.902912621
Karnataka,UTTAR KANNAD,Rice,2001-02,Kharif,81215,Hectare,87420.0,Tonnes,1.076402142
Karnataka,UTTAR KANNAD,Rice,2001-02,Rabi,2380,Hectare,4459.0,Tonnes,1.873529412
Karnataka,UTTAR KANNAD,Rice,2001-02,Summer,1412,Hectare,2638.0,Tonnes,1.868271955
Karnataka,UTTAR KANNAD,Rice,2002-03,Kharif,82568,Hectare,96656.0,Tonnes,1.170623002
Karnataka,UTTAR KANNAD,Rice,2002-03,Rabi,2190,Hectare,3710.0,Tonnes,1.694063927
Karnataka,UTTAR KANNAD,Rice,2002-03,Summer,1385,Hectare,3227.0,Tonnes,2.329963899
Karnataka,UTTAR KANNAD,Rice,2003-04,Kharif,80050,Hectare,125609.0,Tonnes,1.569131793
Karnataka,UTTAR KANNAD,Rice,2003-04,Rabi,2196,Hectare,7190.0,Tonnes,3.274134791
Karnataka,UTTAR KANNAD,Rice,2003-04,Summer,1324,Hectare,4930.0,Tonnes,3.723564955
Karnataka,BAGALKOT,Safflower,2001-02,Rabi,4793,Hectare,2817.0,Tonnes,0.587732109
Karnataka,BAGALKOT,Safflower,2002-03,Rabi,3916,Hectare,2703.0,Tonnes,0.690245148
Karnataka,BAGALKOT,Safflower,2003-04,Rabi,2767,Hectare,343.0,Tonnes,0.123960969
Karnataka,BELGAUM,Safflower,2001-02,Rabi,4700,Hectare,2694.0,Tonnes,0.573191489
Karnataka,BELGAUM,Safflower,2002-03,Rabi,6401,Hectare,3492.0,Tonnes,0.545539759
Karnataka,BELGAUM,Safflower,2003-04,Rabi,10361,Hectare,2699.0,Tonnes,0.260496091
Karnataka,BELLARY,Safflower,2001-02,Rabi,5265,Hectare,2076.0,Tonnes,0.394301994
Karnataka,BELLARY,Safflower,2002-03,Rabi,2259,Hectare,594.0,Tonnes,0.262948207
Karnataka,BELLARY,Safflower,2003-04,Rabi,4850,Hectare,1209.0,Tonnes,0.249278351
Karnataka,BIDAR,Safflower,2001-02,Rabi,11239,Hectare,16272.0,Tonnes,1.447815642
Karnataka,BIDAR,Safflower,2002-03,Rabi,10898,Hectare,14173.0,Tonnes,1.300513856
Karnataka,BIDAR,Safflower,2003-04,Rabi,11053,Hectare,14511.0,Tonnes,1.312856238
Karnataka,BIJAPUR,Safflower,2001-02,Rabi,10368,Hectare,6481.0,Tonnes,0.625096451
Karnataka,BIJAPUR,Safflower,2002-03,Rabi,9490,Hectare,4931.0,Tonnes,0.519599579
Karnataka,BIJAPUR,Safflower,2003-04,Rabi,9079,Hectare,1656.0,Tonnes,0.182398943
Karnataka,CHIKMAGALUR,Safflower,2001-02,Rabi,80,Hectare,62.0,Tonnes,0.775
Karnataka,CHIKMAGALUR,Safflower,2002-03,Rabi,29,Hectare,19.0,Tonnes,0.655172414
Karnataka,CHIKMAGALUR,Safflower,2003-04,Rabi,4,Hectare,2.0,Tonnes,0.5
Karnataka,CHITRADURGA,Safflower,2001-02,Rabi,1358,Hectare,535.0,Tonnes,0.393961708
Karnataka,CHITRADURGA,Safflower,2002-03,Rabi,2708,Hectare,1760.0,Tonnes,0.649926145
Karnataka,CHITRADURGA,Safflower,2003-04,Rabi,5462,Hectare,1984.0,Tonnes,0.36323691
Karnataka,DAVANGERE,Safflower,2001-02,Rabi,58,Hectare,45.0,Tonnes,0.775862069
Karnataka,DAVANGERE,Safflower,2002-03,Rabi,242,Hectare,157.0,Tonnes,0.648760331
Karnataka,DAVANGERE,Safflower,2003-04,Rabi,268,Hectare,113.0,Tonnes,0.421641791
Karnataka,DHARWAD,Safflower,2001-02,Rabi,7189,Hectare,3982.0,Tonnes,0.553901794
Karnataka,DHARWAD,Safflower,2002-03,Rabi,6283,Hectare,3110.0,Tonnes,0.494986471
Karnataka,DHARWAD,Safflower,2003-04,Rabi,14712,Hectare,2212.0,Tonnes,0.150353453
Karnataka,GADAG,Safflower,2001-02,Rabi,2800,Hectare,2171.0,Tonnes,0.775357143
Karnataka,GADAG,Safflower,2002-03,Rabi,6832,Hectare,2210.0,Tonnes,0.323477752
Karnataka,GADAG,Safflower,2003-04,Rabi,4425,Hectare,1615.0,Tonnes,0.364971751
Karnataka,GULBARGA,Safflower,2001-02,Rabi,21107,Hectare,16388.0,Tonnes,0.776424883
Karnataka,GULBARGA,Safflower,2002-03,Rabi,19101,Hectare,13829.0,Tonnes,0.723993508
Karnataka,GULBARGA,Safflower,2003-04,Rabi,17807,Hectare,8363.0,Tonnes,0.469646768
Karnataka,HAVERI,Safflower,2001-02,Rabi,1708,Hectare,922.0,Tonnes,0.539812646
Karnataka,HAVERI,Safflower,2002-03,Rabi,1443,Hectare,632.0,Tonnes,0.437976438
Karnataka,HAVERI,Safflower,2003-04,Rabi,2252,Hectare,663.0,Tonnes,0.294404973
Karnataka,KOPPAL,Safflower,2001-02,Rabi,7564,Hectare,5957.0,Tonnes,0.787546272
Karnataka,KOPPAL,Safflower,2002-03,Rabi,6390,Hectare,2143.0,Tonnes,0.335367762
Karnataka,KOPPAL,Safflower,2003-04,Rabi,7480,Hectare,1720.0,Tonnes,0.229946524
Karnataka,RAICHUR,Safflower,2001-02,Rabi,13780,Hectare,12376.0,Tonnes,0.898113208
Karnataka,RAICHUR,Safflower,2002-03,Rabi,8954,Hectare,5487.0,Tonnes,0.612798749
Karnataka,RAICHUR,Safflower,2003-04,Rabi,8123,Hectare,4509.0,Tonnes,0.555090484
Karnataka,TUMKUR,Safflower,2001-02,Rabi,20,Hectare,16.0,Tonnes,0.8
Karnataka,BAGALKOT,Sannhamp,2001-02,Whole Year,22,Hectare,5.0,Tonnes,0.227272727
Karnataka,BAGALKOT,Sannhamp,2002-03,Whole Year,22,Hectare,5.0,Tonnes,0.227272727
Karnataka,BAGALKOT,Sannhamp,2003-04,Whole Year,19,Hectare,5.0,Tonnes,0.263157895
Karnataka,BELGAUM,Sannhamp,2001-02,Whole Year,2117,Hectare,526.0,Tonnes,0.248464809
Karnataka,BELLARY,Sannhamp,2001-02,Whole Year,18,Hectare,5.0,Tonnes,0.277777778
Karnataka,BELLARY,Sannhamp,2002-03,Whole Year,22,Hectare,6.0,Tonnes,0.272727273
Karnataka,BIDAR,Sannhamp,2001-02,Whole Year,329,Hectare,82.0,Tonnes,0.249240122
Karnataka,BIDAR,Sannhamp,2002-03,Whole Year,337,Hectare,84.0,Tonnes,0.24925816
Karnataka,BIDAR,Sannhamp,2003-04,Whole Year,423,Hectare,106.0,Tonnes,0.250591017
Karnataka,DAVANGERE,Sannhamp,2001-02,Whole Year,58,Hectare,14.0,Tonnes,0.24137931
Karnataka,DAVANGERE,Sannhamp,2002-03,Whole Year,7,Hectare,2.0,Tonnes,0.285714286
Karnataka,DHARWAD,Sannhamp,2003-04,Whole Year,8,Hectare,2.0,Tonnes,0.25
Karnataka,GULBARGA,Sannhamp,2001-02,Whole Year,11,Hectare,2.0,Tonnes,0.181818182
Karnataka,GULBARGA,Sannhamp,2002-03,Whole Year,10,Hectare,2.0,Tonnes,0.2
Karnataka,GULBARGA,Sannhamp,2003-04,Whole Year,12,Hectare,3.0,Tonnes,0.25
Karnataka,HAVERI,Sannhamp,2002-03,Whole Year,6,Hectare,1.0,Tonnes,0.166666667
Karnataka,HAVERI,Sannhamp,2003-04,Whole Year,1,Hectare,0.0,Tonnes,0.0
Karnataka,TUMKUR,Sannhamp,2003-04,Whole Year,2,Hectare,0.0,Tonnes,0.0
Karnataka,UTTAR KANNAD,Sannhamp,2003-04,Whole Year,1,Hectare,0.0,Tonnes,0.0
Karnataka,BAGALKOT,Sesamum,2001-02,Kharif,897,Hectare,581.0,Tonnes,0.647714604
Karnataka,BAGALKOT,Sesamum,2002-03,Kharif,1225,Hectare,796.0,Tonnes,0.649795918
Karnataka,BAGALKOT,Sesamum,2003-04,Kharif,536,Hectare,236.0,Tonnes,0.440298508
Karnataka,BANGALORE RURAL,Sesamum,2001-02,Kharif,2668,Hectare,986.0,Tonnes,0.369565217
Karnataka,BANGALORE RURAL,Sesamum,2002-03,Kharif,139,Hectare,46.0,Tonnes,0.330935252
Karnataka,BANGALORE RURAL,Sesamum,2003-04,Kharif,400,Hectare,204.0,Tonnes,0.51
Karnataka,BELGAUM,Sesamum,2001-02,Kharif,789,Hectare,292.0,Tonnes,0.37008872
Karnataka,BELGAUM,Sesamum,2002-03,Kharif,889,Hectare,343.0,Tonnes,0.385826772
Karnataka,BELGAUM,Sesamum,2003-04,Kharif,329,Hectare,145.0,Tonnes,0.440729483
Karnataka,BELLARY,Sesamum,2001-02,Kharif,4069,Hectare,1140.0,Tonnes,0.280167117
Karnataka,BELLARY,Sesamum,2002-03,Kharif,5750,Hectare,2720.0,Tonnes,0.473043478
Karnataka,BELLARY,Sesamum,2003-04,Kharif,2681,Hectare,311.0,Tonnes,0.116001492
Karnataka,BENGALURU URBAN,Sesamum,2001-02,Kharif,56,Hectare,21.0,Tonnes,0.375
Karnataka,BENGALURU URBAN,Sesamum,2002-03,Kharif,7,Hectare,3.0,Tonnes,0.428571429
Karnataka,BIDAR,Sesamum,2001-02,Kharif,9479,Hectare,2215.0,Tonnes,0.233674438
Karnataka,BIDAR,Sesamum,2002-03,Kharif,9255,Hectare,5170.0,Tonnes,0.558616964
Karnataka,BIDAR,Sesamum,2003-04,Kharif,9678,Hectare,5516.0,Tonnes,0.56995247
Karnataka,BIJAPUR,Sesamum,2001-02,Kharif,339,Hectare,65.0,Tonnes,0.191740413
Karnataka,BIJAPUR,Sesamum,2002-03,Kharif,696,Hectare,268.0,Tonnes,0.385057471
Karnataka,BIJAPUR,Sesamum,2003-04,Kharif,114,Hectare,50.0,Tonnes,0.438596491
Karnataka,CHAMARAJANAGAR,Sesamum,2001-02,Kharif,948,Hectare,98.0,Tonnes,0.103375527
Karnataka,CHAMARAJANAGAR,Sesamum,2002-03,Kharif,919,Hectare,361.0,Tonnes,0.392818281
Karnataka,CHAMARAJANAGAR,Sesamum,2003-04,Kharif,598,Hectare,263.0,Tonnes,0.439799331
Karnataka,CHIKMAGALUR,Sesamum,2001-02,Kharif,3781,Hectare,1397.0,Tonnes,0.369478974
Karnataka,CHIKMAGALUR,Sesamum,2002-03,Kharif,4746,Hectare,1335.0,Tonnes,0.281289507
Karnataka,CHIKMAGALUR,Sesamum,2003-04,Kharif,1075,Hectare,449.0,Tonnes,0.417674419
Karnataka,CHITRADURGA,Sesamum,2001-02,Kharif,3091,Hectare,2023.0,Tonnes,0.654480751
Karnataka,CHITRADURGA,Sesamum,2002-03,Kharif,2922,Hectare,1424.0,Tonnes,0.48733744
Karnataka,CHITRADURGA,Sesamum,2003-04,Kharif,751,Hectare,71.0,Tonnes,0.094540613
Karnataka,DAKSHIN KANNAD,Sesamum,2001-02,Kharif,454,Hectare,168.0,Tonnes,0.370044053
Karnataka,DAKSHIN KANNAD,Sesamum,2002-03,Kharif,470,Hectare,185.0,Tonnes,0.393617021
Karnataka,DAKSHIN KANNAD,Sesamum,2003-04,Kharif,442,Hectare,194.0,Tonnes,0.438914027
Karnataka,DAVANGERE,Sesamum,2001-02,Kharif,1078,Hectare,572.0,Tonnes,0.530612245
Karnataka,DAVANGERE,Sesamum,2002-03,Kharif,2259,Hectare,1191.0,Tonnes,0.527224436
Karnataka,DAVANGERE,Sesamum,2003-04,Kharif,784,Hectare,171.0,Tonnes,0.218112245
Karnataka,DHARWAD,Sesamum,2001-02,Kharif,139,Hectare,51.0,Tonnes,0.366906475
Karnataka,DHARWAD,Sesamum,2002-03,Kharif,266,Hectare,105.0,Tonnes,0.394736842
Karnataka,DHARWAD,Sesamum,2003-04,Kharif,317,Hectare,139.0,Tonnes,0.438485804
Karnataka,GADAG,Sesamum,2001-02,Kharif,977,Hectare,188.0,Tonnes,0.192425793
Karnataka,GADAG,Sesamum,2002-03,Kharif,2753,Hectare,931.0,Tonnes,0.338176535
Karnataka,GADAG,Sesamum,2003-04,Kharif,1216,Hectare,535.0,Tonnes,0.439967105
Karnataka,GULBARGA,Sesamum,2001-02,Kharif,16607,Hectare,4938.0,Tonnes,0.297344493
Karnataka,GULBARGA,Sesamum,2002-03,Kharif,13485,Hectare,4894.0,Tonnes,0.362921765
Karnataka,GULBARGA,Sesamum,2003-04,Kharif,14529,Hectare,8254.0,Tonnes,0.568105169
Karnataka,HASSAN,Sesamum,2001-02,Kharif,2838,Hectare,1318.0,Tonnes,0.464411557
Karnataka,HASSAN,Sesamum,2002-03,Kharif,3914,Hectare,1629.0,Tonnes,0.416198263
Karnataka,HASSAN,Sesamum,2003-04,Kharif,1352,Hectare,465.0,Tonnes,0.343934911
Karnataka,HAVERI,Sesamum,2001-02,Kharif,1047,Hectare,678.0,Tonnes,0.64756447
Karnataka,HAVERI,Sesamum,2002-03,Kharif,949,Hectare,373.0,Tonnes,0.393045311
Karnataka,HAVERI,Sesamum,2003-04,Kharif,655,Hectare,143.0,Tonnes,0.218320611
Karnataka,KOPPAL,Sesamum,2001-02,Kharif,13671,Hectare,5143.0,Tonnes,0.376197791
Karnataka,KOPPAL,Sesamum,2002-03,Kharif,6504,Hectare,1427.0,Tonnes,0.219403444
Karnataka,KOPPAL,Sesamum,2003-04,Kharif,10867,Hectare,5131.0,Tonnes,0.472163431
Karnataka,MANDYA,Sesamum,2001-02,Kharif,1927,Hectare,1023.0,Tonnes,0.530877011
Karnataka,MANDYA,Sesamum,2002-03,Kharif,1214,Hectare,531.0,Tonnes,0.437397035
Karnataka,MANDYA,Sesamum,2003-04,Kharif,3473,Hectare,759.0,Tonnes,0.218543046
Karnataka,MYSORE,Sesamum,2001-02,Kharif,4926,Hectare,3660.0,Tonnes,0.742996346
Karnataka,MYSORE,Sesamum,2002-03,Kharif,5256,Hectare,1947.0,Tonnes,0.37043379
Karnataka,MYSORE,Sesamum,2003-04,Kharif,4335,Hectare,1783.0,Tonnes,0.411303345
Karnataka,RAICHUR,Sesamum,2001-02,Kharif,2575,Hectare,267.0,Tonnes,0.10368932
Karnataka,RAICHUR,Sesamum,2002-03,Kharif,10017,Hectare,3264.0,Tonnes,0.325846062
Karnataka,RAICHUR,Sesamum,2003-04,Kharif,3872,Hectare,710.0,Tonnes,0.183367769
Karnataka,SHIMOGA,Sesamum,2001-02,Kharif,122,Hectare,45.0,Tonnes,0.368852459
Karnataka,SHIMOGA,Sesamum,2002-03,Kharif,150,Hectare,59.0,Tonnes,0.393333333
Karnataka,SHIMOGA,Sesamum,2003-04,Kharif,96,Hectare,42.0,Tonnes,0.4375
Karnataka,TUMKUR,Sesamum,2001-02,Kharif,323,Hectare,120.0,Tonnes,0.371517028
Karnataka,TUMKUR,Sesamum,2002-03,Kharif,455,Hectare,179.0,Tonnes,0.393406593
Karnataka,TUMKUR,Sesamum,2003-04,Kharif,260,Hectare,114.0,Tonnes,0.438461539
Karnataka,UDUPI,Sesamum,2001-02,Kharif,257,Hectare,95.0,Tonnes,0.369649805
Karnataka,UDUPI,Sesamum,2002-03,Kharif,177,Hectare,70.0,Tonnes,0.395480226
Karnataka,UDUPI,Sesamum,2003-04,Kharif,105,Hectare,46.0,Tonnes,0.438095238
Karnataka,UTTAR KANNAD,Sesamum,2001-02,Kharif,6,Hectare,2.0,Tonnes,0.333333333
Karnataka,UTTAR KANNAD,Sesamum,2002-03,Kharif,6,Hectare,2.0,Tonnes,0.333333333
Karnataka,UTTAR KANNAD,Sesamum,2003-04,Kharif,6,Hectare,3.0,Tonnes,0.5
Karnataka,BAGALKOT,Small millets,2001-02,Kharif,43,Hectare,16.0,Tonnes,0.372093023
Karnataka,BAGALKOT,Small millets,2002-03,Kharif,271,Hectare,67.0,Tonnes,0.247232472
Karnataka,BAGALKOT,Small millets,2003-04,Kharif,67,Hectare,39.0,Tonnes,0.582089552
Karnataka,BANGALORE RURAL,Small millets,2001-02,Kharif,445,Hectare,383.0,Tonnes,0.860674157
Karnataka,BELGAUM,Small millets,2001-02,Kharif,4488,Hectare,2873.0,Tonnes,0.640151515
Karnataka,BELGAUM,Small millets,2002-03,Kharif,5915,Hectare,4818.0,Tonnes,0.814539307
Karnataka,BELGAUM,Small millets,2003-04,Kharif,4965,Hectare,2019.0,Tonnes,0.406646526
Karnataka,BELLARY,Small millets,2001-02,Kharif,12709,Hectare,4729.0,Tonnes,0.372098513
Karnataka,BELLARY,Small millets,2002-03,Kharif,10556,Hectare,2338.0,Tonnes,0.221485411
Karnataka,BELLARY,Small millets,2003-04,Kharif,13583,Hectare,6122.0,Tonnes,0.450710447
Karnataka,BENGALURU URBAN,Small millets,2001-02,Kharif,91,Hectare,52.0,Tonnes,0.571428571
Karnataka,BENGALURU URBAN,Small millets,2002-03,Kharif,81,Hectare,71.0,Tonnes,0.87654321
Karnataka,BENGALURU URBAN,Small millets,2003-04,Kharif,36,Hectare,21.0,Tonnes,0.583333333
Karnataka,BIDAR,Small millets,2001-02,Kharif,521,Hectare,375.0,Tonnes,0.719769674
Karnataka,BIDAR,Small millets,2002-03,Kharif,489,Hectare,299.0,Tonnes,0.611451943
Karnataka,BIDAR,Small millets,2003-04,Kharif,401,Hectare,219.0,Tonnes,0.546134663
Karnataka,BIJAPUR,Small millets,2001-02,Kharif,193,Hectare,64.0,Tonnes,0.331606218
Karnataka,BIJAPUR,Small millets,2002-03,Kharif,336,Hectare,75.0,Tonnes,0.223214286
Karnataka,BIJAPUR,Small millets,2003-04,Kharif,74,Hectare,43.0,Tonnes,0.581081081
Karnataka,CHAMARAJANAGAR,Small millets,2001-02,Kharif,31,Hectare,24.0,Tonnes,0.774193548
Karnataka,CHAMARAJANAGAR,Small millets,2002-03,Kharif,30,Hectare,22.0,Tonnes,0.733333333
Karnataka,CHAMARAJANAGAR,Small millets,2003-04,Kharif,25,Hectare,14.0,Tonnes,0.56
Karnataka,CHIKMAGALUR,Small millets,2001-02,Kharif,1819,Hectare,1364.0,Tonnes,0.749862562
Karnataka,CHIKMAGALUR,Small millets,2002-03,Kharif,678,Hectare,558.0,Tonnes,0.82300885
Karnataka,CHIKMAGALUR,Small millets,2003-04,Kharif,1112,Hectare,676.0,Tonnes,0.607913669
Karnataka,CHITRADURGA,Small millets,2001-02,Kharif,12327,Hectare,6519.0,Tonnes,0.528839134
Karnataka,CHITRADURGA,Small millets,2002-03,Kharif,9087,Hectare,3256.0,Tonnes,0.358314075
Karnataka,CHITRADURGA,Small millets,2003-04,Kharif,13579,Hectare,4227.0,Tonnes,0.311289491
Karnataka,DAVANGERE,Small millets,2001-02,Kharif,1884,Hectare,1017.0,Tonnes,0.539808917
Karnataka,DAVANGERE,Small millets,2002-03,Kharif,1246,Hectare,750.0,Tonnes,0.601926164
Karnataka,DAVANGERE,Small millets,2003-04,Kharif,929,Hectare,460.0,Tonnes,0.495156082
Karnataka,DHARWAD,Small millets,2001-02,Kharif,2498,Hectare,1544.0,Tonnes,0.618094476
Karnataka,DHARWAD,Small millets,2002-03,Kharif,3491,Hectare,4206.0,Tonnes,1.204812375
Karnataka,DHARWAD,Small millets,2003-04,Kharif,5102,Hectare,3155.0,Tonnes,0.618384947
Karnataka,GADAG,Small millets,2001-02,Kharif,1026,Hectare,452.0,Tonnes,0.440545809
Karnataka,GADAG,Small millets,2002-03,Kharif,1065,Hectare,552.0,Tonnes,0.518309859
Karnataka,GADAG,Small millets,2003-04,Kharif,687,Hectare,398.0,Tonnes,0.579330422
Karnataka,GULBARGA,Small millets,2001-02,Kharif,887,Hectare,565.0,Tonnes,0.63697858
Karnataka,GULBARGA,Small millets,2002-03,Kharif,648,Hectare,383.0,Tonnes,0.591049383
Karnataka,GULBARGA,Small millets,2003-04,Kharif,785,Hectare,450.0,Tonnes,0.573248408
Karnataka,HASSAN,Small millets,2001-02,Kharif,160,Hectare,103.0,Tonnes,0.64375
Karnataka,HASSAN,Small millets,2002-03,Kharif,145,Hectare,111.0,Tonnes,0.765517241
Karnataka,HAVERI,Small millets,2001-02,Kharif,11564,Hectare,10636.0,Tonnes,0.919750951
Karnataka,HAVERI,Small millets,2002-03,Kharif,12705,Hectare,11033.0,Tonnes,0.868398268
Karnataka,HAVERI,Small millets,2003-04,Kharif,11795,Hectare,8006.0,Tonnes,0.678762187
Karnataka,KOLAR,Small millets,2001-02,Kharif,619,Hectare,536.0,Tonnes,0.865912763
Karnataka,KOLAR,Small millets,2002-03,Kharif,243,Hectare,213.0,Tonnes,0.87654321
Karnataka,KOLAR,Small millets,2003-04,Kharif,1863,Hectare,1071.0,Tonnes,0.574879227
Karnataka,KOPPAL,Small millets,2001-02,Kharif,13683,Hectare,3107.0,Tonnes,0.227070087
Karnataka,KOPPAL,Small millets,2002-03,Kharif,2568,Hectare,173.0,Tonnes,0.067367601
Karnataka,KOPPAL,Small millets,2003-04,Kharif,7487,Hectare,9887.0,Tonnes,1.32055563
Karnataka,MANDYA,Small millets,2001-02,Kharif,8,Hectare,7.0,Tonnes,0.875
Karnataka,MANDYA,Small millets,2002-03,Kharif,3,Hectare,0.1,Tonnes,0.033333333
Karnataka,MANDYA,Small millets,2003-04,Kharif,1,Hectare,0.0,Tonnes,0.0
Karnataka,RAICHUR,Small millets,2001-02,Kharif,1065,Hectare,395.0,Tonnes,0.370892019
Karnataka,RAICHUR,Small millets,2002-03,Kharif,803,Hectare,179.0,Tonnes,0.222914072
Karnataka,RAICHUR,Small millets,2003-04,Kharif,610,Hectare,355.0,Tonnes,0.581967213
Karnataka,SHIMOGA,Small millets,2001-02,Kharif,18,Hectare,15.0,Tonnes,0.833333333
Karnataka,SHIMOGA,Small millets,2002-03,Kharif,14,Hectare,11.0,Tonnes,0.785714286
Karnataka,TUMKUR,Small millets,2001-02,Kharif,4012,Hectare,2080.0,Tonnes,0.518444666
Karnataka,TUMKUR,Small millets,2002-03,Kharif,4118,Hectare,1496.0,Tonnes,0.363283147
Karnataka,TUMKUR,Small millets,2003-04,Kharif,5044,Hectare,1641.0,Tonnes,0.325337034
Karnataka,BAGALKOT,Soyabean,2001-02,Kharif,410,Hectare,303.0,Tonnes,0.73902439
Karnataka,BAGALKOT,Soyabean,2002-03,Kharif,1349,Hectare,728.0,Tonnes,0.539659007
Karnataka,BAGALKOT,Soyabean,2003-04,Kharif,272,Hectare,119.0,Tonnes,0.4375
Karnataka,BELGAUM,Soyabean,2001-02,Kharif,42588,Hectare,35846.0,Tonnes,0.841692496
Karnataka,BELGAUM,Soyabean,2002-03,Kharif,49707,Hectare,42830.0,Tonnes,0.861649265
Karnataka,BELGAUM,Soyabean,2003-04,Kharif,62203,Hectare,27124.0,Tonnes,0.436056139
Karnataka,BIDAR,Soyabean,2001-02,Kharif,125,Hectare,104.0,Tonnes,0.832
Karnataka,BIDAR,Soyabean,2002-03,Kharif,382,Hectare,317.0,Tonnes,0.829842932
Karnataka,BIDAR,Soyabean,2003-04,Kharif,12325,Hectare,5936.0,Tonnes,0.481622718
Karnataka,DAVANGERE,Soyabean,2002-03,Kharif,4,Hectare,3.0,Tonnes,0.75
Karnataka,DAVANGERE,Soyabean,2003-04,Kharif,4,Hectare,2.0,Tonnes,0.5
Karnataka,DHARWAD,Soyabean,2001-02,Kharif,5027,Hectare,3720.0,Tonnes,0.740003979
Karnataka,DHARWAD,Soyabean,2002-03,Kharif,5720,Hectare,3565.0,Tonnes,0.623251748
Karnataka,DHARWAD,Soyabean,2003-04,Kharif,18343,Hectare,11710.0,Tonnes,0.638390667
Karnataka,GULBARGA,Soyabean,2001-02,Kharif,16,Hectare,13.0,Tonnes,0.8125
Karnataka,GULBARGA,Soyabean,2002-03,Kharif,21,Hectare,17.0,Tonnes,0.80952381
Karnataka,GULBARGA,Soyabean,2003-04,Kharif,177,Hectare,85.0,Tonnes,0.480225989
Karnataka,HASSAN,Soyabean,2001-02,Kharif,18,Hectare,15.0,Tonnes,0.833333333
Karnataka,HASSAN,Soyabean,2002-03,Kharif,2,Hectare,2.0,Tonnes,1.0
Karnataka,HASSAN,Soyabean,2003-04,Kharif,5,Hectare,2.0,Tonnes,0.4
Karnataka,HAVERI,Soyabean,2001-02,Kharif,177,Hectare,147.0,Tonnes,0.830508475
Karnataka,HAVERI,Soyabean,2002-03,Kharif,327,Hectare,272.0,Tonnes,0.831804281
Karnataka,HAVERI,Soyabean,2003-04,Kharif,544,Hectare,262.0,Tonnes,0.481617647
Karnataka,MANDYA,Soyabean,2001-02,Kharif,11,Hectare,9.0,Tonnes,0.818181818
Karnataka,MANDYA,Soyabean,2002-03,Kharif,29,Hectare,24.0,Tonnes,0.827586207
Karnataka,MANDYA,Soyabean,2003-04,Kharif,20,Hectare,10.0,Tonnes,0.5
Karnataka,MYSORE,Soyabean,2001-02,Kharif,67,Hectare,56.0,Tonnes,0.835820896
Karnataka,SHIMOGA,Soyabean,2002-03,Kharif,2,Hectare,2.0,Tonnes,1.0
Karnataka,TUMKUR,Soyabean,2001-02,Kharif,5,Hectare,4.0,Tonnes,0.8
Karnataka,TUMKUR,Soyabean,2003-04,Kharif,11,Hectare,5.0,Tonnes,0.454545455
Karnataka,BAGALKOT,Sugarcane,2001-02,Whole Year,60450,Hectare,5570468.0,Tonnes,92.15000827
Karnataka,BAGALKOT,Sugarcane,2002-03,Whole Year,58694,Hectare,5241374.0,Tonnes,89.29999659
Karnataka,BAGALKOT,Sugarcane,2003-04,Whole Year,38744,Hectare,2834124.0,Tonnes,73.15001032
Karnataka,BANGALORE RURAL,Sugarcane,2001-02,Whole Year,1608,Hectare,129846.0,Tonnes,80.75
Karnataka,BANGALORE RURAL,Sugarcane,2002-03,Whole Year,1959,Hectare,180522.0,Tonnes,92.15007657
Karnataka,BANGALORE RURAL,Sugarcane,2003-04,Whole Year,589,Hectare,39728.0,Tonnes,67.44991511
Karnataka,BELGAUM,Sugarcane,2001-02,Whole Year,156043,Hectare,10969823.0,Tonnes,70.30000064
Karnataka,BELGAUM,Sugarcane,2002-03,Whole Year,145133,Hectare,10892232.0,Tonnes,75.05000241
Karnataka,BELGAUM,Sugarcane,2003-04,Whole Year,105237,Hectare,4898782.0,Tonnes,46.54999667
Karnataka,BELLARY,Sugarcane,2001-02,Whole Year,7666,Hectare,750118.0,Tonnes,97.84998696
Karnataka,BELLARY,Sugarcane,2002-03,Whole Year,5327,Hectare,384609.0,Tonnes,72.19992491
Karnataka,BELLARY,Sugarcane,2003-04,Whole Year,1831,Hectare,121762.0,Tonnes,66.50027307
Karnataka,BENGALURU URBAN,Sugarcane,2001-02,Whole Year,50,Hectare,4038.0,Tonnes,80.76
Karnataka,BENGALURU URBAN,Sugarcane,2002-03,Whole Year,91,Hectare,7694.0,Tonnes,84.54945055
Karnataka,BENGALURU URBAN,Sugarcane,2003-04,Whole Year,5,Hectare,328.0,Tonnes,65.6
Karnataka,BIDAR,Sugarcane,2001-02,Whole Year,29225,Hectare,1415951.0,Tonnes,48.44999145
Karnataka,BIDAR,Sugarcane,2002-03,Whole Year,30943,Hectare,2234085.0,Tonnes,72.20001293
Karnataka,BIDAR,Sugarcane,2003-04,Whole Year,23197,Hectare,1476489.0,Tonnes,63.64999784
Karnataka,BIJAPUR,Sugarcane,2001-02,Whole Year,20460,Hectare,1069035.0,Tonnes,52.25
Karnataka,BIJAPUR,Sugarcane,2002-03,Whole Year,18537,Hectare,1355982.0,Tonnes,73.15002428
Karnataka,BIJAPUR,Sugarcane,2003-04,Whole Year,8068,Hectare,505864.0,Tonnes,62.70004958
Karnataka,CHAMARAJANAGAR,Sugarcane,2001-02,Whole Year,18026,Hectare,1729595.0,Tonnes,95.95001664
Karnataka,CHAMARAJANAGAR,Sugarcane,2002-03,Whole Year,16755,Hectare,1687228.0,Tonnes,100.6999702
Karnataka,CHAMARAJANAGAR,Sugarcane,2003-04,Whole Year,7581,Hectare,626570.0,Tonnes,82.65004617
Karnataka,CHIKMAGALUR,Sugarcane,2001-02,Whole Year,1867,Hectare,150760.0,Tonnes,80.7498661
Karnataka,CHIKMAGALUR,Sugarcane,2002-03,Whole Year,1790,Hectare,175152.0,Tonnes,97.85027933
Karnataka,CHIKMAGALUR,Sugarcane,2003-04,Whole Year,1274,Hectare,108927.0,Tonnes,85.5
Karnataka,CHITRADURGA,Sugarcane,2001-02,Whole Year,2231,Hectare,180153.0,Tonnes,80.74988794
Karnataka,CHITRADURGA,Sugarcane,2002-03,Whole Year,1385,Hectare,114470.0,Tonnes,82.64981949
Karnataka,CHITRADURGA,Sugarcane,2003-04,Whole Year,330,Hectare,22258.0,Tonnes,67.44848485
Karnataka,DAKSHIN KANNAD,Sugarcane,2001-02,Whole Year,378,Hectare,30524.0,Tonnes,80.75132275
Karnataka,DAKSHIN KANNAD,Sugarcane,2002-03,Whole Year,197,Hectare,16656.0,Tonnes,84.54822335
Karnataka,DAKSHIN KANNAD,Sugarcane,2003-04,Whole Year,23,Hectare,1508.0,Tonnes,65.56521739
Karnataka,DAVANGERE,Sugarcane,2001-02,Whole Year,22295,Hectare,2181566.0,Tonnes,97.85001121
Karnataka,DAVANGERE,Sugarcane,2002-03,Whole Year,19992,Hectare,2146141.0,Tonnes,107.34999
Karnataka,DAVANGERE,Sugarcane,2003-04,Whole Year,8150,Hectare,696825.0,Tonnes,85.5
Karnataka,DHARWAD,Sugarcane,2001-02,Whole Year,2868,Hectare,209794.0,Tonnes,73.14993026
Karnataka,DHARWAD,Sugarcane,2002-03,Whole Year,3560,Hectare,223212.0,Tonnes,62.7
Karnataka,DHARWAD,Sugarcane,2003-04,Whole Year,3039,Hectare,98160.0,Tonnes,32.30009872
Karnataka,GADAG,Sugarcane,2001-02,Whole Year,535,Hectare,43201.0,Tonnes,80.74953271
Karnataka,GADAG,Sugarcane,2002-03,Whole Year,550,Hectare,46502.0,Tonnes,84.54909091
Karnataka,GADAG,Sugarcane,2003-04,Whole Year,92,Hectare,6031.0,Tonnes,65.55434783
Karnataka,GULBARGA,Sugarcane,2001-02,Whole Year,7861,Hectare,575032.0,Tonnes,73.14998092
Karnataka,GULBARGA,Sugarcane,2002-03,Whole Year,8228,Hectare,414280.0,Tonnes,50.35002431
Karnataka,GULBARGA,Sugarcane,2003-04,Whole Year,5724,Hectare,184885.0,Tonnes,32.29996506
Karnataka,HASSAN,Sugarcane,2001-02,Whole Year,7159,Hectare,720911.0,Tonnes,100.6999581
Karnataka,HASSAN,Sugarcane,2002-03,Whole Year,8610,Hectare,842488.0,Tonnes,97.84994193
Karnataka,HASSAN,Sugarcane,2003-04,Whole Year,3792,Hectare,392662.0,Tonnes,103.5501055
Karnataka,HAVERI,Sugarcane,2001-02,Whole Year,5763,Hectare,454413.0,Tonnes,78.85007808
Karnataka,HAVERI,Sugarcane,2002-03,Whole Year,3391,Hectare,125637.0,Tonnes,37.0501327
Karnataka,HAVERI,Sugarcane,2003-04,Whole Year,2246,Hectare,98150.0,Tonnes,43.69991095
Karnataka,KOLAR,Sugarcane,2001-02,Whole Year,1225,Hectare,123358.0,Tonnes,100.7004082
Karnataka,KOLAR,Sugarcane,2002-03,Whole Year,1268,Hectare,104800.0,Tonnes,82.64984227
Karnataka,KOLAR,Sugarcane,2003-04,Whole Year,692,Hectare,46018.0,Tonnes,66.5
Karnataka,KOPPAL,Sugarcane,2001-02,Whole Year,1418,Hectare,111809.0,Tonnes,78.84978843
Karnataka,KOPPAL,Sugarcane,2002-03,Whole Year,668,Hectare,41884.0,Tonnes,62.7005988
Karnataka,MANDYA,Sugarcane,2001-02,Whole Year,35063,Hectare,4263661.0,Tonnes,121.6000057
Karnataka,MANDYA,Sugarcane,2002-03,Whole Year,29686,Hectare,3356002.0,Tonnes,113.0499899
Karnataka,MANDYA,Sugarcane,2003-04,Whole Year,13042,Hectare,1474398.0,Tonnes,113.0499923
Karnataka,MYSORE,Sugarcane,2001-02,Whole Year,11009,Hectare,983104.0,Tonnes,89.30002725
Karnataka,MYSORE,Sugarcane,2002-03,Whole Year,13048,Hectare,1351120.0,Tonnes,103.5499693
Karnataka,MYSORE,Sugarcane,2003-04,Whole Year,9849,Hectare,1253778.0,Tonnes,127.3000305
Karnataka,RAICHUR,Sugarcane,2001-02,Whole Year,41,Hectare,3311.0,Tonnes,80.75609756
Karnataka,RAICHUR,Sugarcane,2002-03,Whole Year,142,Hectare,12006.0,Tonnes,84.54929577
Karnataka,RAICHUR,Sugarcane,2003-04,Whole Year,7,Hectare,459.0,Tonnes,65.57142857
Karnataka,SHIMOGA,Sugarcane,2001-02,Whole Year,9682,Hectare,1020967.0,Tonnes,105.4500103
Karnataka,SHIMOGA,Sugarcane,2002-03,Whole Year,9961,Hectare,1305887.0,Tonnes,131.09999
Karnataka,SHIMOGA,Sugarcane,2003-04,Whole Year,8333,Hectare,1029126.0,Tonnes,123.50006
Karnataka,TUMKUR,Sugarcane,2001-02,Whole Year,1736,Hectare,140182.0,Tonnes,80.75
Karnataka,TUMKUR,Sugarcane,2002-03,Whole Year,1426,Hectare,131406.0,Tonnes,92.15007013
Karnataka,TUMKUR,Sugarcane,2003-04,Whole Year,574,Hectare,38171.0,Tonnes,66.5
Karnataka,UDUPI,Sugarcane,2001-02,Whole Year,933,Hectare,75340.0,Tonnes,80.75026795
Karnataka,UDUPI,Sugarcane,2002-03,Whole Year,345,Hectare,29170.0,Tonnes,84.55072464
Karnataka,UDUPI,Sugarcane,2003-04,Whole Year,29,Hectare,1901.0,Tonnes,65.55172414
Karnataka,UTTAR KANNAD,Sugarcane,2001-02,Whole Year,1358,Hectare,109658.0,Tonnes,80.74963181
Karnataka,UTTAR KANNAD,Sugarcane,2002-03,Whole Year,1033,Hectare,64769.0,Tonnes,62.69990319
Karnataka,UTTAR KANNAD,Sugarcane,2003-04,Whole Year,893,Hectare,58536.0,Tonnes,65.54983203
Karnataka,BAGALKOT,Sunflower,2001-02,Kharif,8560,Hectare,6843.0,Tonnes,0.799415888
Karnataka,BAGALKOT,Sunflower,2001-02,Rabi,48590,Hectare,24663.0,Tonnes,0.507573575
Karnataka,BAGALKOT,Sunflower,2001-02,Summer,3442,Hectare,3365.0,Tonnes,0.977629285
Karnataka,BAGALKOT,Sunflower,2002-03,Kharif,22376,Hectare,11438.0,Tonnes,0.511172685
Karnataka,BAGALKOT,Sunflower,2002-03,Rabi,55498,Hectare,31053.0,Tonnes,0.559533677
Karnataka,BAGALKOT,Sunflower,2002-03,Summer,3207,Hectare,2809.0,Tonnes,0.875896477
Karnataka,BAGALKOT,Sunflower,2003-04,Kharif,11643,Hectare,9155.0,Tonnes,0.78630937
Karnataka,BAGALKOT,Sunflower,2003-04,Rabi,88095,Hectare,24320.0,Tonnes,0.276065611
Karnataka,BAGALKOT,Sunflower,2003-04,Summer,3232,Hectare,2693.0,Tonnes,0.833230198
Karnataka,BANGALORE RURAL,Sunflower,2001-02,Kharif,49,Hectare,32.0,Tonnes,0.653061225
Karnataka,BANGALORE RURAL,Sunflower,2001-02,Rabi,2,Hectare,2.0,Tonnes,1.0
Karnataka,BANGALORE RURAL,Sunflower,2001-02,Summer,41,Hectare,33.0,Tonnes,0.804878049
Karnataka,BANGALORE RURAL,Sunflower,2002-03,Kharif,8,Hectare,6.0,Tonnes,0.75
Karnataka,BANGALORE RURAL,Sunflower,2002-03,Rabi,10,Hectare,7.0,Tonnes,0.7
Karnataka,BANGALORE RURAL,Sunflower,2002-03,Summer,4,Hectare,2.0,Tonnes,0.5
Karnataka,BANGALORE RURAL,Sunflower,2003-04,Kharif,3,Hectare,2.0,Tonnes,0.666666667
Karnataka,BANGALORE RURAL,Sunflower,2003-04,Rabi,129,Hectare,99.0,Tonnes,0.767441861
Karnataka,BANGALORE RURAL,Sunflower,2003-04,Summer,412,Hectare,218.0,Tonnes,0.529126214
Karnataka,BELGAUM,Sunflower,2001-02,Kharif,3201,Hectare,2501.0,Tonnes,0.781318338
Karnataka,BELGAUM,Sunflower,2001-02,Rabi,5687,Hectare,3052.0,Tonnes,0.536662564
Karnataka,BELGAUM,Sunflower,2001-02,Summer,771,Hectare,630.0,Tonnes,0.817120623
Karnataka,BELGAUM,Sunflower,2002-03,Kharif,9632,Hectare,4590.0,Tonnes,0.476536545
Karnataka,BELGAUM,Sunflower,2002-03,Rabi,10272,Hectare,4330.0,Tonnes,0.421534268
Karnataka,BELGAUM,Sunflower,2002-03,Summer,769,Hectare,468.0,Tonnes,0.608582575
Karnataka,BELGAUM,Sunflower,2003-04,Kharif,6917,Hectare,5032.0,Tonnes,0.727483013
Karnataka,BELGAUM,Sunflower,2003-04,Rabi,22349,Hectare,8675.0,Tonnes,0.388160544
Karnataka,BELGAUM,Sunflower,2003-04,Summer,1507,Hectare,796.0,Tonnes,0.528201725
Karnataka,BELLARY,Sunflower,2001-02,Kharif,13975,Hectare,6648.0,Tonnes,0.475706619
Karnataka,BELLARY,Sunflower,2001-02,Rabi,31843,Hectare,12359.0,Tonnes,0.388122978
Karnataka,BELLARY,Sunflower,2001-02,Summer,4054,Hectare,2734.0,Tonnes,0.674395659
Karnataka,BELLARY,Sunflower,2002-03,Kharif,22834,Hectare,10031.0,Tonnes,0.439301042
Karnataka,BELLARY,Sunflower,2002-03,Rabi,35564,Hectare,9300.0,Tonnes,0.261500394
Karnataka,BELLARY,Sunflower,2002-03,Summer,3448,Hectare,2057.0,Tonnes,0.596577726
Karnataka,BELLARY,Sunflower,2003-04,Kharif,29880,Hectare,13043.0,Tonnes,0.436512718
Karnataka,BELLARY,Sunflower,2003-04,Rabi,58584,Hectare,14922.0,Tonnes,0.254711184
Karnataka,BELLARY,Sunflower,2003-04,Summer,4252,Hectare,2210.0,Tonnes,0.519755409
Karnataka,BENGALURU URBAN,Sunflower,2001-02,Kharif,8,Hectare,7.0,Tonnes,0.875
Karnataka,BENGALURU URBAN,Sunflower,2002-03,Kharif,7,Hectare,5.0,Tonnes,0.714285714
Karnataka,BENGALURU URBAN,Sunflower,2002-03,Summer,1,Hectare,1.0,Tonnes,1.0
Karnataka,BENGALURU URBAN,Sunflower,2003-04,Rabi,1,Hectare,1.0,Tonnes,1.0
Karnataka,BIDAR,Sunflower,2001-02,Kharif,4122,Hectare,1119.0,Tonnes,0.27147016
Karnataka,BIDAR,Sunflower,2001-02,Rabi,4489,Hectare,1817.0,Tonnes,0.404767209
Karnataka,BIDAR,Sunflower,2001-02,Summer,202,Hectare,165.0,Tonnes,0.816831683
Karnataka,BIDAR,Sunflower,2002-03,Kharif,4461,Hectare,1551.0,Tonnes,0.347679892
Karnataka,BIDAR,Sunflower,2002-03,Rabi,4671,Hectare,2482.0,Tonnes,0.531363734
Karnataka,BIDAR,Sunflower,2002-03,Summer,83,Hectare,50.0,Tonnes,0.602409639
Karnataka,BIDAR,Sunflower,2003-04,Kharif,5560,Hectare,2501.0,Tonnes,0.449820144
Karnataka,BIDAR,Sunflower,2003-04,Rabi,5052,Hectare,2838.0,Tonnes,0.56175772
Karnataka,BIDAR,Sunflower,2003-04,Summer,39,Hectare,21.0,Tonnes,0.538461539
Karnataka,BIJAPUR,Sunflower,2001-02,Kharif,13307,Hectare,6112.0,Tonnes,0.459307132
Karnataka,BIJAPUR,Sunflower,2001-02,Rabi,148524,Hectare,55310.0,Tonnes,0.372397727
Karnataka,BIJAPUR,Sunflower,2001-02,Summer,1706,Hectare,942.0,Tonnes,0.552168816
Karnataka,BIJAPUR,Sunflower,2002-03,Kharif,40590,Hectare,16724.0,Tonnes,0.412022666
Karnataka,BIJAPUR,Sunflower,2002-03,Rabi,156710,Hectare,64332.0,Tonnes,0.41051624
Karnataka,BIJAPUR,Sunflower,2002-03,Summer,2130,Hectare,1295.0,Tonnes,0.607981221
Karnataka,BIJAPUR,Sunflower,2003-04,Kharif,48810,Hectare,23928.0,Tonnes,0.490227412
Karnataka,BIJAPUR,Sunflower,2003-04,Rabi,213421,Hectare,30700.0,Tonnes,0.143847138
Karnataka,BIJAPUR,Sunflower,2003-04,Summer,3133,Hectare,1432.0,Tonnes,0.457069901
Karnataka,CHAMARAJANAGAR,Sunflower,2001-02,Kharif,1952,Hectare,641.0,Tonnes,0.328381148
Karnataka,CHAMARAJANAGAR,Sunflower,2001-02,Rabi,2,Hectare,1.0,Tonnes,0.5
Karnataka,CHAMARAJANAGAR,Sunflower,2001-02,Summer,225,Hectare,184.0,Tonnes,0.817777778
Karnataka,CHAMARAJANAGAR,Sunflower,2002-03,Kharif,6219,Hectare,1380.0,Tonnes,0.221900627
Karnataka,CHAMARAJANAGAR,Sunflower,2002-03,Rabi,12,Hectare,8.0,Tonnes,0.666666667
Karnataka,CHAMARAJANAGAR,Sunflower,2002-03,Summer,72,Hectare,44.0,Tonnes,0.611111111
Karnataka,CHAMARAJANAGAR,Sunflower,2003-04,Kharif,3114,Hectare,502.0,Tonnes,0.16120745
Karnataka,CHAMARAJANAGAR,Sunflower,2003-04,Rabi,414,Hectare,317.0,Tonnes,0.765700483
Karnataka,CHAMARAJANAGAR,Sunflower,2003-04,Summer,419,Hectare,221.0,Tonnes,0.527446301
Karnataka,CHIKMAGALUR,Sunflower,2001-02,Kharif,3268,Hectare,1645.0,Tonnes,0.503365973
Karnataka,CHIKMAGALUR,Sunflower,2001-02,Rabi,283,Hectare,100.0,Tonnes,0.353356891
Karnataka,CHIKMAGALUR,Sunflower,2002-03,Kharif,8498,Hectare,2091.0,Tonnes,0.246057896
Karnataka,CHIKMAGALUR,Sunflower,2002-03,Rabi,11,Hectare,4.0,Tonnes,0.363636364
Karnataka,CHIKMAGALUR,Sunflower,2003-04,Kharif,9162,Hectare,1854.0,Tonnes,0.202357564
Karnataka,CHIKMAGALUR,Sunflower,2003-04,Rabi,173,Hectare,31.0,Tonnes,0.179190751
Karnataka,CHIKMAGALUR,Sunflower,2003-04,Summer,5,Hectare,3.0,Tonnes,0.6
Karnataka,CHITRADURGA,Sunflower,2001-02,Kharif,7559,Hectare,5409.0,Tonnes,0.715570843
Karnataka,CHITRADURGA,Sunflower,2001-02,Rabi,12816,Hectare,6531.0,Tonnes,0.509597378
Karnataka,CHITRADURGA,Sunflower,2001-02,Summer,1411,Hectare,1153.0,Tonnes,0.817150957
Karnataka,CHITRADURGA,Sunflower,2002-03,Kharif,18123,Hectare,8681.0,Tonnes,0.47900458
Karnataka,CHITRADURGA,Sunflower,2002-03,Rabi,25592,Hectare,11752.0,Tonnes,0.459206002
Karnataka,CHITRADURGA,Sunflower,2002-03,Summer,1965,Hectare,1195.0,Tonnes,0.608142494
Karnataka,CHITRADURGA,Sunflower,2003-04,Kharif,13230,Hectare,6163.0,Tonnes,0.465835223
Karnataka,CHITRADURGA,Sunflower,2003-04,Rabi,31182,Hectare,10457.0,Tonnes,0.33535373
Karnataka,CHITRADURGA,Sunflower,2003-04,Summer,1375,Hectare,1049.0,Tonnes,0.762909091
Karnataka,DAVANGERE,Sunflower,2001-02,Kharif,4899,Hectare,2446.0,Tonnes,0.499285569
Karnataka,DAVANGERE,Sunflower,2001-02,Rabi,4358,Hectare,1369.0,Tonnes,0.314134924
Karnataka,DAVANGERE,Sunflower,2001-02,Summer,986,Hectare,964.0,Tonnes,0.977687627
Karnataka,DAVANGERE,Sunflower,2002-03,Kharif,8594,Hectare,3562.0,Tonnes,0.414475215
Karnataka,DAVANGERE,Sunflower,2002-03,Rabi,5749,Hectare,1735.0,Tonnes,0.301791616
Karnataka,DAVANGERE,Sunflower,2002-03,Summer,1192,Hectare,711.0,Tonnes,0.59647651
Karnataka,DAVANGERE,Sunflower,2003-04,Kharif,11385,Hectare,4797.0,Tonnes,0.421343874
Karnataka,DAVANGERE,Sunflower,2003-04,Rabi,11227,Hectare,4189.0,Tonnes,0.373118375
Karnataka,DAVANGERE,Sunflower,2003-04,Summer,2583,Hectare,1364.0,Tonnes,0.528068138
Karnataka,DHARWAD,Sunflower,2001-02,Kharif,218,Hectare,83.0,Tonnes,0.380733945
Karnataka,DHARWAD,Sunflower,2001-02,Rabi,3061,Hectare,1157.0,Tonnes,0.377981052
Karnataka,DHARWAD,Sunflower,2002-03,Kharif,386,Hectare,149.0,Tonnes,0.386010363
Karnataka,DHARWAD,Sunflower,2002-03,Rabi,4260,Hectare,1700.0,Tonnes,0.399061033
Karnataka,DHARWAD,Sunflower,2002-03,Summer,10,Hectare,6.0,Tonnes,0.6
Karnataka,DHARWAD,Sunflower,2003-04,Kharif,205,Hectare,93.0,Tonnes,0.453658537
Karnataka,DHARWAD,Sunflower,2003-04,Rabi,8563,Hectare,1194.0,Tonnes,0.139437113
Karnataka,DHARWAD,Sunflower,2003-04,Summer,70,Hectare,37.0,Tonnes,0.528571429
Karnataka,GADAG,Sunflower,2001-02,Kharif,5548,Hectare,1963.0,Tonnes,0.353821197
Karnataka,GADAG,Sunflower,2001-02,Rabi,42020,Hectare,13877.0,Tonnes,0.330247501
Karnataka,GADAG,Sunflower,2001-02,Summer,2447,Hectare,1351.0,Tonnes,0.552104618
Karnataka,GADAG,Sunflower,2002-03,Kharif,12572,Hectare,3115.0,Tonnes,0.247772829
Karnataka,GADAG,Sunflower,2002-03,Rabi,49218,Hectare,9728.0,Tonnes,0.197651266
Karnataka,GADAG,Sunflower,2002-03,Summer,2200,Hectare,1018.0,Tonnes,0.462727273
Karnataka,GADAG,Sunflower,2003-04,Kharif,8219,Hectare,3847.0,Tonnes,0.468061808
Karnataka,GADAG,Sunflower,2003-04,Rabi,89240,Hectare,15591.0,Tonnes,0.174708651
Karnataka,GADAG,Sunflower,2003-04,Summer,1580,Hectare,1205.0,Tonnes,0.762658228
Karnataka,GULBARGA,Sunflower,2001-02,Kharif,15812,Hectare,6698.0,Tonnes,0.423602327
Karnataka,GULBARGA,Sunflower,2001-02,Rabi,32484,Hectare,14331.0,Tonnes,0.441171038
Karnataka,GULBARGA,Sunflower,2001-02,Summer,1736,Hectare,1418.0,Tonnes,0.816820277
Karnataka,GULBARGA,Sunflower,2002-03,Kharif,63695,Hectare,42044.0,Tonnes,0.660083209
Karnataka,GULBARGA,Sunflower,2002-03,Rabi,66321,Hectare,37704.0,Tonnes,0.568507713
Karnataka,GULBARGA,Sunflower,2002-03,Summer,2904,Hectare,1379.0,Tonnes,0.474862259
Karnataka,GULBARGA,Sunflower,2003-04,Kharif,94496,Hectare,50359.0,Tonnes,0.532922028
Karnataka,GULBARGA,Sunflower,2003-04,Rabi,61597,Hectare,26527.0,Tonnes,0.43065409
Karnataka,GULBARGA,Sunflower,2003-04,Summer,3101,Hectare,1417.0,Tonnes,0.456949371
Karnataka,HASSAN,Sunflower,2001-02,Kharif,1794,Hectare,1696.0,Tonnes,0.945373467
Karnataka,HASSAN,Sunflower,2001-02,Rabi,346,Hectare,214.0,Tonnes,0.61849711
Karnataka,HASSAN,Sunflower,2001-02,Summer,6,Hectare,5.0,Tonnes,0.833333333
Karnataka,HASSAN,Sunflower,2002-03,Kharif,7042,Hectare,2763.0,Tonnes,0.392360125
Karnataka,HASSAN,Sunflower,2002-03,Rabi,187,Hectare,83.0,Tonnes,0.443850267
Karnataka,HASSAN,Sunflower,2002-03,Summer,21,Hectare,13.0,Tonnes,0.619047619
Karnataka,HASSAN,Sunflower,2003-04,Kharif,5600,Hectare,1468.0,Tonnes,0.262142857
Karnataka,HASSAN,Sunflower,2003-04,Rabi,173,Hectare,63.0,Tonnes,0.36416185
Karnataka,HAVERI,Sunflower,2001-02,Kharif,1074,Hectare,491.0,Tonnes,0.45716946
Karnataka,HAVERI,Sunflower,2001-02,Rabi,1557,Hectare,957.0,Tonnes,0.614643545
Karnataka,HAVERI,Sunflower,2001-02,Summer,1174,Hectare,1148.0,Tonnes,0.977853492
Karnataka,HAVERI,Sunflower,2002-03,Kharif,2944,Hectare,1046.0,Tonnes,0.355298913
Karnataka,HAVERI,Sunflower,2002-03,Rabi,3712,Hectare,1549.0,Tonnes,0.417295259
Karnataka,HAVERI,Sunflower,2002-03,Summer,1363,Hectare,829.0,Tonnes,0.608217168
Karnataka,HAVERI,Sunflower,2003-04,Kharif,3184,Hectare,812.0,Tonnes,0.255025126
Karnataka,HAVERI,Sunflower,2003-04,Rabi,11844,Hectare,3601.0,Tonnes,0.304035799
Karnataka,HAVERI,Sunflower,2003-04,Summer,1391,Hectare,736.0,Tonnes,0.529115744
Karnataka,KOLAR,Sunflower,2001-02,Kharif,683,Hectare,514.0,Tonnes,0.752562226
Karnataka,KOLAR,Sunflower,2001-02,Summer,531,Hectare,434.0,Tonnes,0.8173258
Karnataka,KOLAR,Sunflower,2002-03,Kharif,889,Hectare,662.0,Tonnes,0.744656918
Karnataka,KOLAR,Sunflower,2002-03,Rabi,1080,Hectare,763.0,Tonnes,0.706481482
Karnataka,KOLAR,Sunflower,2002-03,Summer,408,Hectare,248.0,Tonnes,0.607843137
Karnataka,KOLAR,Sunflower,2003-04,Kharif,605,Hectare,353.0,Tonnes,0.583471074
Karnataka,KOLAR,Sunflower,2003-04,Rabi,1662,Hectare,1279.0,Tonnes,0.769554753
Karnataka,KOLAR,Sunflower,2003-04,Summer,888,Hectare,469.0,Tonnes,0.528153153
Karnataka,KOPPAL,Sunflower,2001-02,Kharif,19687,Hectare,8610.0,Tonnes,0.437344441
Karnataka,KOPPAL,Sunflower,2001-02,Rabi,25441,Hectare,8532.0,Tonnes,0.335364176
Karnataka,KOPPAL,Sunflower,2001-02,Summer,6801,Hectare,5679.0,Tonnes,0.835024261
Karnataka,KOPPAL,Sunflower,2002-03,Kharif,20409,Hectare,8667.0,Tonnes,0.424665589
Karnataka,KOPPAL,Sunflower,2002-03,Rabi,39605,Hectare,5729.0,Tonnes,0.144653453
Karnataka,KOPPAL,Sunflower,2002-03,Summer,8102,Hectare,4711.0,Tonnes,0.581461368
Karnataka,KOPPAL,Sunflower,2003-04,Kharif,27093,Hectare,10489.0,Tonnes,0.387147972
Karnataka,KOPPAL,Sunflower,2003-04,Rabi,48159,Hectare,6843.0,Tonnes,0.142091821
Karnataka,KOPPAL,Sunflower,2003-04,Summer,7073,Hectare,2862.0,Tonnes,0.404637353
Karnataka,MANDYA,Sunflower,2001-02,Kharif,7,Hectare,3.0,Tonnes,0.428571429
Karnataka,MANDYA,Sunflower,2001-02,Rabi,3,Hectare,3.0,Tonnes,1.0
Karnataka,MANDYA,Sunflower,2001-02,Summer,1,Hectare,1.0,Tonnes,1.0
Karnataka,MANDYA,Sunflower,2002-03,Rabi,4,Hectare,2.0,Tonnes,0.5
Karnataka,MANDYA,Sunflower,2002-03,Summer,1,Hectare,1.0,Tonnes,1.0
Karnataka,MANDYA,Sunflower,2003-04,Kharif,10,Hectare,5.0,Tonnes,0.5
Karnataka,MANDYA,Sunflower,2003-04,Rabi,2,Hectare,2.0,Tonnes,1.0
Karnataka,MYSORE,Sunflower,2001-02,Kharif,767,Hectare,435.0,Tonnes,0.56714472
Karnataka,MYSORE,Sunflower,2001-02,Rabi,15,Hectare,5.0,Tonnes,0.333333333
Karnataka,MYSORE,Sunflower,2002-03,Kharif,1896,Hectare,730.0,Tonnes,0.385021097
Karnataka,MYSORE,Sunflower,2002-03,Rabi,260,Hectare,92.0,Tonnes,0.353846154
Karnataka,MYSORE,Sunflower,2002-03,Summer,62,Hectare,38.0,Tonnes,0.612903226
Karnataka,MYSORE,Sunflower,2003-04,Kharif,994,Hectare,380.0,Tonnes,0.382293763
Karnataka,MYSORE,Sunflower,2003-04,Rabi,317,Hectare,63.0,Tonnes,0.19873817
Karnataka,RAICHUR,Sunflower,2001-02,Kharif,16555,Hectare,4829.0,Tonnes,0.291694352
Karnataka,RAICHUR,Sunflower,2001-02,Rabi,55888,Hectare,23715.0,Tonnes,0.424330805
Karnataka,RAICHUR,Sunflower,2001-02,Summer,14856,Hectare,12801.0,Tonnes,0.861672052
Karnataka,RAICHUR,Sunflower,2002-03,Kharif,40186,Hectare,13923.0,Tonnes,0.346463943
Karnataka,RAICHUR,Sunflower,2002-03,Rabi,80254,Hectare,30990.0,Tonnes,0.386148977
Karnataka,RAICHUR,Sunflower,2002-03,Summer,4530,Hectare,2870.0,Tonnes,0.633554084
Karnataka,RAICHUR,Sunflower,2003-04,Kharif,75176,Hectare,27419.0,Tonnes,0.364730765
Karnataka,RAICHUR,Sunflower,2003-04,Rabi,83305,Hectare,26556.0,Tonnes,0.318780385
Karnataka,RAICHUR,Sunflower,2003-04,Summer,4598,Hectare,1446.0,Tonnes,0.314484559
Karnataka,SHIMOGA,Sunflower,2001-02,Kharif,23,Hectare,9.0,Tonnes,0.391304348
Karnataka,SHIMOGA,Sunflower,2001-02,Rabi,21,Hectare,18.0,Tonnes,0.857142857
Karnataka,SHIMOGA,Sunflower,2001-02,Summer,74,Hectare,60.0,Tonnes,0.810810811
Karnataka,SHIMOGA,Sunflower,2002-03,Kharif,81,Hectare,31.0,Tonnes,0.382716049
Karnataka,SHIMOGA,Sunflower,2002-03,Rabi,31,Hectare,22.0,Tonnes,0.709677419
Karnataka,SHIMOGA,Sunflower,2002-03,Summer,235,Hectare,143.0,Tonnes,0.608510638
Karnataka,SHIMOGA,Sunflower,2003-04,Kharif,243,Hectare,93.0,Tonnes,0.382716049
Karnataka,SHIMOGA,Sunflower,2003-04,Rabi,283,Hectare,218.0,Tonnes,0.770318021
Karnataka,SHIMOGA,Sunflower,2003-04,Summer,402,Hectare,212.0,Tonnes,0.527363184
Karnataka,TUMKUR,Sunflower,2001-02,Kharif,1115,Hectare,782.0,Tonnes,0.701345292
Karnataka,TUMKUR,Sunflower,2001-02,Rabi,744,Hectare,856.0,Tonnes,1.150537634
Karnataka,TUMKUR,Sunflower,2001-02,Summer,1472,Hectare,1203.0,Tonnes,0.817255435
Karnataka,TUMKUR,Sunflower,2002-03,Kharif,6827,Hectare,3291.0,Tonnes,0.48205654
Karnataka,TUMKUR,Sunflower,2002-03,Rabi,4213,Hectare,2753.0,Tonnes,0.653453596
Karnataka,TUMKUR,Sunflower,2002-03,Summer,2366,Hectare,1439.0,Tonnes,0.608199493
Karnataka,TUMKUR,Sunflower,2003-04,Kharif,4725,Hectare,2874.0,Tonnes,0.608253968
Karnataka,TUMKUR,Sunflower,2003-04,Rabi,1619,Hectare,1035.0,Tonnes,0.639283508
Karnataka,TUMKUR,Sunflower,2003-04,Summer,1735,Hectare,1586.0,Tonnes,0.914121038
Karnataka,UTTAR KANNAD,Sunflower,2001-02,Rabi,24,Hectare,21.0,Tonnes,0.875
Karnataka,UTTAR KANNAD,Sunflower,2002-03,Kharif,2,Hectare,1.0,Tonnes,0.5
Karnataka,UTTAR KANNAD,Sunflower,2002-03,Rabi,14,Hectare,10.0,Tonnes,0.714285714
Karnataka,UTTAR KANNAD,Sunflower,2003-04,Kharif,10,Hectare,8.0,Tonnes,0.8
Karnataka,UTTAR KANNAD,Sunflower,2003-04,Rabi,15,Hectare,12.0,Tonnes,0.8
Karnataka,BAGALKOT,Sweet potato,2002-03,Whole Year,20,Hectare,63.0,Tonnes,3.15
Karnataka,BAGALKOT,Sweet potato,2003-04,Whole Year,42,Hectare,133.0,Tonnes,3.166666667
Karnataka,BANGALORE RURAL,Sweet potato,2002-03,Whole Year,16,Hectare,101.0,Tonnes,6.3125
Karnataka,BANGALORE RURAL,Sweet potato,2003-04,Whole Year,14,Hectare,89.0,Tonnes,6.357142857
Karnataka,BELGAUM,Sweet potato,2002-03,Whole Year,1812,Hectare,17176.0,Tonnes,9.479028698
Karnataka,BELGAUM,Sweet potato,2003-04,Whole Year,2020,Hectare,19148.0,Tonnes,9.479207921
Karnataka,BENGALURU URBAN,Sweet potato,2003-04,Whole Year,29,Hectare,184.0,Tonnes,6.344827586
Karnataka,BIDAR,Sweet potato,2002-03,Whole Year,2,Hectare,15.0,Tonnes,7.5
Karnataka,BIDAR,Sweet potato,2003-04,Whole Year,1,Hectare,8.0,Tonnes,8.0
Karnataka,BIJAPUR,Sweet potato,2002-03,Whole Year,8,Hectare,25.0,Tonnes,3.125
Karnataka,BIJAPUR,Sweet potato,2003-04,Whole Year,3,Hectare,10.0,Tonnes,3.333333333
Karnataka,CHIKMAGALUR,Sweet potato,2002-03,Whole Year,76,Hectare,499.0,Tonnes,6.565789474
Karnataka,CHIKMAGALUR,Sweet potato,2003-04,Whole Year,109,Hectare,715.0,Tonnes,6.559633028
Karnataka,DAKSHIN KANNAD,Sweet potato,2002-03,Whole Year,592,Hectare,3665.0,Tonnes,6.190878378
Karnataka,DAKSHIN KANNAD,Sweet potato,2003-04,Whole Year,577,Hectare,3572.0,Tonnes,6.190641248
Karnataka,DAVANGERE,Sweet potato,2002-03,Whole Year,16,Hectare,127.0,Tonnes,7.9375
Karnataka,GULBARGA,Sweet potato,2002-03,Whole Year,22,Hectare,146.0,Tonnes,6.636363636
Karnataka,GULBARGA,Sweet potato,2003-04,Whole Year,22,Hectare,146.0,Tonnes,6.636363636
Karnataka,HASSAN,Sweet potato,2002-03,Whole Year,209,Hectare,1273.0,Tonnes,6.090909091
Karnataka,HASSAN,Sweet potato,2003-04,Whole Year,199,Hectare,1213.0,Tonnes,6.095477387
Karnataka,KODAGU,Sweet potato,2002-03,Whole Year,10,Hectare,62.0,Tonnes,6.2
Karnataka,KODAGU,Sweet potato,2003-04,Whole Year,10,Hectare,62.0,Tonnes,6.2
Karnataka,MANDYA,Sweet potato,2002-03,Whole Year,4,Hectare,25.0,Tonnes,6.25
Karnataka,MANDYA,Sweet potato,2003-04,Whole Year,5,Hectare,31.0,Tonnes,6.2
Karnataka,TUMKUR,Sweet potato,2002-03,Whole Year,19,Hectare,120.0,Tonnes,6.315789474
Karnataka,TUMKUR,Sweet potato,2003-04,Whole Year,23,Hectare,146.0,Tonnes,6.347826087
Karnataka,UDUPI,Sweet potato,2002-03,Whole Year,554,Hectare,3430.0,Tonnes,6.19133574
Karnataka,UDUPI,Sweet potato,2003-04,Whole Year,499,Hectare,3090.0,Tonnes,6.19238477
Karnataka,UTTAR KANNAD,Sweet potato,2002-03,Whole Year,30,Hectare,190.0,Tonnes,6.333333333
Karnataka,UTTAR KANNAD,Sweet potato,2003-04,Whole Year,27,Hectare,171.0,Tonnes,6.333333333
Karnataka,BANGALORE RURAL,Tapioca,2002-03,Whole Year,245,Hectare,1804.0,Tonnes,7.363265306
Karnataka,BANGALORE RURAL,Tapioca,2003-04,Whole Year,207,Hectare,1518.0,Tonnes,7.333333333
Karnataka,CHIKMAGALUR,Tapioca,2002-03,Whole Year,32,Hectare,348.0,Tonnes,10.875
Karnataka,CHIKMAGALUR,Tapioca,2003-04,Whole Year,39,Hectare,424.0,Tonnes,10.87179487
Karnataka,DAKSHIN KANNAD,Tapioca,2002-03,Whole Year,703,Hectare,5518.0,Tonnes,7.849217639
Karnataka,DAKSHIN KANNAD,Tapioca,2003-04,Whole Year,703,Hectare,5518.0,Tonnes,7.849217639
Karnataka,KODAGU,Tapioca,2002-03,Whole Year,5,Hectare,101.0,Tonnes,20.2
Karnataka,KODAGU,Tapioca,2003-04,Whole Year,7,Hectare,141.0,Tonnes,20.14285714
Karnataka,SHIMOGA,Tapioca,2002-03,Whole Year,12,Hectare,78.0,Tonnes,6.5
Karnataka,SHIMOGA,Tapioca,2003-04,Whole Year,11,Hectare,72.0,Tonnes,6.545454545
Karnataka,TUMKUR,Tapioca,2002-03,Whole Year,12,Hectare,79.0,Tonnes,6.583333333
Karnataka,TUMKUR,Tapioca,2003-04,Whole Year,24,Hectare,158.0,Tonnes,6.583333333
Karnataka,UDUPI,Tapioca,2002-03,Whole Year,69,Hectare,542.0,Tonnes,7.855072464
Karnataka,UDUPI,Tapioca,2003-04,Whole Year,67,Hectare,526.0,Tonnes,7.850746269
Karnataka,BELGAUM,Tobacco,2002-03,Whole Year,22278,Hectare,22984.0,Tonnes,1.031690457
Karnataka,BELGAUM,Tobacco,2003-04,Whole Year,24760,Hectare,17053.0,Tonnes,0.688731826
Karnataka,BELLARY,Tobacco,2002-03,Whole Year,135,Hectare,48.0,Tonnes,0.355555556
Karnataka,BELLARY,Tobacco,2003-04,Whole Year,303,Hectare,170.0,Tonnes,0.561056106
Karnataka,CHAMARAJANAGAR,Tobacco,2002-03,Whole Year,108,Hectare,78.0,Tonnes,0.722222222
Karnataka,CHAMARAJANAGAR,Tobacco,2003-04,Whole Year,97,Hectare,55.0,Tonnes,0.567010309
Karnataka,CHIKMAGALUR,Tobacco,2002-03,Whole Year,138,Hectare,99.0,Tonnes,0.717391304
Karnataka,CHIKMAGALUR,Tobacco,2003-04,Whole Year,85,Hectare,48.0,Tonnes,0.564705882
Karnataka,CHITRADURGA,Tobacco,2002-03,Whole Year,712,Hectare,512.0,Tonnes,0.719101124
Karnataka,CHITRADURGA,Tobacco,2003-04,Whole Year,622,Hectare,350.0,Tonnes,0.562700965
Karnataka,DAVANGERE,Tobacco,2002-03,Whole Year,1123,Hectare,401.0,Tonnes,0.357079252
Karnataka,DAVANGERE,Tobacco,2003-04,Whole Year,981,Hectare,492.0,Tonnes,0.501529052
Karnataka,DHARWAD,Tobacco,2002-03,Whole Year,7,Hectare,5.0,Tonnes,0.714285714
Karnataka,GADAG,Tobacco,2002-03,Whole Year,72,Hectare,52.0,Tonnes,0.722222222
Karnataka,GADAG,Tobacco,2003-04,Whole Year,9,Hectare,5.0,Tonnes,0.555555556
Karnataka,GULBARGA,Tobacco,2002-03,Whole Year,4,Hectare,3.0,Tonnes,0.75
Karnataka,HASSAN,Tobacco,2002-03,Whole Year,7165,Hectare,4894.0,Tonnes,0.683042568
Karnataka,HASSAN,Tobacco,2003-04,Whole Year,6287,Hectare,4330.0,Tonnes,0.688722761
Karnataka,HAVERI,Tobacco,2002-03,Whole Year,3,Hectare,2.0,Tonnes,0.666666667
Karnataka,HAVERI,Tobacco,2003-04,Whole Year,5,Hectare,3.0,Tonnes,0.6
Karnataka,KODAGU,Tobacco,2002-03,Whole Year,375,Hectare,270.0,Tonnes,0.72
Karnataka,KODAGU,Tobacco,2003-04,Whole Year,305,Hectare,172.0,Tonnes,0.563934426
Karnataka,MYSORE,Tobacco,2002-03,Whole Year,49790,Hectare,29563.0,Tonnes,0.593753766
Karnataka,MYSORE,Tobacco,2003-04,Whole Year,64147,Hectare,32176.0,Tonnes,0.501597892
Karnataka,RAICHUR,Tobacco,2002-03,Whole Year,9,Hectare,6.0,Tonnes,0.666666667
Karnataka,RAICHUR,Tobacco,2003-04,Whole Year,64,Hectare,36.0,Tonnes,0.5625
Karnataka,SHIMOGA,Tobacco,2002-03,Whole Year,256,Hectare,184.0,Tonnes,0.71875
Karnataka,SHIMOGA,Tobacco,2003-04,Whole Year,272,Hectare,153.0,Tonnes,0.5625
Karnataka,TUMKUR,Tobacco,2002-03,Whole Year,175,Hectare,126.0,Tonnes,0.72
Karnataka,TUMKUR,Tobacco,2003-04,Whole Year,113,Hectare,64.0,Tonnes,0.566371681
Karnataka,BAGALKOT,Turmeric,2001-02,Whole Year,311,Hectare,1553.0,Tonnes,4.993569132
Karnataka,BAGALKOT,Turmeric,2002-03,Whole Year,356,Hectare,1991.0,Tonnes,5.592696629
Karnataka,BANGALORE RURAL,Turmeric,2001-02,Whole Year,38,Hectare,203.0,Tonnes,5.342105263
Karnataka,BANGALORE RURAL,Turmeric,2002-03,Whole Year,21,Hectare,113.0,Tonnes,5.380952381
Karnataka,BANGALORE RURAL,Turmeric,2003-04,Whole Year,233,Hectare,1392.0,Tonnes,5.974248927
Karnataka,BELGAUM,Turmeric,2001-02,Whole Year,1847,Hectare,8293.0,Tonnes,4.489983757
Karnataka,BELGAUM,Turmeric,2002-03,Whole Year,1141,Hectare,3971.0,Tonnes,3.480280456
Karnataka,BELGAUM,Turmeric,2003-04,Whole Year,919,Hectare,3002.0,Tonnes,3.266594124
Karnataka,BELLARY,Turmeric,2001-02,Whole Year,17,Hectare,88.0,Tonnes,5.176470588
Karnataka,BELLARY,Turmeric,2002-03,Whole Year,5,Hectare,22.0,Tonnes,4.4
Karnataka,BELLARY,Turmeric,2003-04,Whole Year,1,Hectare,5.0,Tonnes,5.0
Karnataka,BENGALURU URBAN,Turmeric,2003-04,Whole Year,13,Hectare,85.0,Tonnes,6.538461538
Karnataka,BIDAR,Turmeric,2001-02,Whole Year,163,Hectare,660.0,Tonnes,4.049079755
Karnataka,BIDAR,Turmeric,2002-03,Whole Year,151,Hectare,517.0,Tonnes,3.42384106
Karnataka,BIDAR,Turmeric,2003-04,Whole Year,55,Hectare,99.0,Tonnes,1.8
Karnataka,BIJAPUR,Turmeric,2001-02,Whole Year,145,Hectare,550.0,Tonnes,3.793103448
Karnataka,BIJAPUR,Turmeric,2002-03,Whole Year,148,Hectare,195.0,Tonnes,1.317567568
Karnataka,BIJAPUR,Turmeric,2003-04,Whole Year,8,Hectare,0.0,Tonnes,0.0
Karnataka,CHAMARAJANAGAR,Turmeric,2001-02,Whole Year,2973,Hectare,18825.0,Tonnes,6.331987891
Karnataka,CHAMARAJANAGAR,Turmeric,2002-03,Whole Year,3753,Hectare,17763.0,Tonnes,4.733013589
Karnataka,CHAMARAJANAGAR,Turmeric,2003-04,Whole Year,3133,Hectare,16091.0,Tonnes,5.135971912
Karnataka,CHIKMAGALUR,Turmeric,2001-02,Whole Year,43,Hectare,222.0,Tonnes,5.162790698
Karnataka,CHIKMAGALUR,Turmeric,2002-03,Whole Year,42,Hectare,182.0,Tonnes,4.333333333
Karnataka,CHIKMAGALUR,Turmeric,2003-04,Whole Year,29,Hectare,141.0,Tonnes,4.862068966
Karnataka,CHITRADURGA,Turmeric,2001-02,Whole Year,1,Hectare,5.0,Tonnes,5.0
Karnataka,CHITRADURGA,Turmeric,2002-03,Whole Year,2,Hectare,9.0,Tonnes,4.5
Karnataka,DAKSHIN KANNAD,Turmeric,2001-02,Whole Year,76,Hectare,392.0,Tonnes,5.157894737
Karnataka,DAKSHIN KANNAD,Turmeric,2002-03,Whole Year,74,Hectare,321.0,Tonnes,4.337837838
Karnataka,DAKSHIN KANNAD,Turmeric,2003-04,Whole Year,93,Hectare,453.0,Tonnes,4.870967742
Karnataka,DAVANGERE,Turmeric,2001-02,Whole Year,34,Hectare,175.0,Tonnes,5.147058824
Karnataka,DAVANGERE,Turmeric,2002-03,Whole Year,12,Hectare,52.0,Tonnes,4.333333333
Karnataka,DAVANGERE,Turmeric,2003-04,Whole Year,13,Hectare,63.0,Tonnes,4.846153846
Karnataka,GADAG,Turmeric,2001-02,Whole Year,3,Hectare,15.0,Tonnes,5.0
Karnataka,GADAG,Turmeric,2003-04,Whole Year,1,Hectare,5.0,Tonnes,5.0
Karnataka,GULBARGA,Turmeric,2001-02,Whole Year,454,Hectare,1727.0,Tonnes,3.803964758
Karnataka,GULBARGA,Turmeric,2002-03,Whole Year,252,Hectare,657.0,Tonnes,2.607142857
Karnataka,GULBARGA,Turmeric,2003-04,Whole Year,215,Hectare,412.0,Tonnes,1.91627907
Karnataka,HASSAN,Turmeric,2001-02,Whole Year,18,Hectare,93.0,Tonnes,5.166666667
Karnataka,HASSAN,Turmeric,2002-03,Whole Year,31,Hectare,134.0,Tonnes,4.322580645
Karnataka,HASSAN,Turmeric,2003-04,Whole Year,10,Hectare,49.0,Tonnes,4.9
Karnataka,HAVERI,Turmeric,2001-02,Whole Year,5,Hectare,26.0,Tonnes,5.2
Karnataka,HAVERI,Turmeric,2002-03,Whole Year,1,Hectare,4.0,Tonnes,4.0
Karnataka,HAVERI,Turmeric,2003-04,Whole Year,1,Hectare,5.0,Tonnes,5.0
Karnataka,MANDYA,Turmeric,2001-02,Whole Year,109,Hectare,319.0,Tonnes,2.926605505
Karnataka,MANDYA,Turmeric,2002-03,Whole Year,32,Hectare,81.0,Tonnes,2.53125
Karnataka,MANDYA,Turmeric,2003-04,Whole Year,19,Hectare,28.0,Tonnes,1.473684211
Karnataka,MYSORE,Turmeric,2001-02,Whole Year,691,Hectare,2594.0,Tonnes,3.75397974
Karnataka,MYSORE,Turmeric,2002-03,Whole Year,428,Hectare,2009.0,Tonnes,4.693925234
Karnataka,MYSORE,Turmeric,2003-04,Whole Year,566,Hectare,4183.0,Tonnes,7.390459364
Karnataka,RAICHUR,Turmeric,2001-02,Whole Year,23,Hectare,119.0,Tonnes,5.173913043
Karnataka,RAICHUR,Turmeric,2002-03,Whole Year,21,Hectare,91.0,Tonnes,4.333333333
Karnataka,RAICHUR,Turmeric,2003-04,Whole Year,4,Hectare,20.0,Tonnes,5.0
Karnataka,SHIMOGA,Turmeric,2001-02,Whole Year,22,Hectare,113.0,Tonnes,5.136363636
Karnataka,SHIMOGA,Turmeric,2002-03,Whole Year,10,Hectare,43.0,Tonnes,4.3
Karnataka,SHIMOGA,Turmeric,2003-04,Whole Year,4,Hectare,20.0,Tonnes,5.0
Karnataka,TUMKUR,Turmeric,2001-02,Whole Year,3,Hectare,15.0,Tonnes,5.0
Karnataka,TUMKUR,Turmeric,2002-03,Whole Year,3,Hectare,13.0,Tonnes,4.333333333
Karnataka,TUMKUR,Turmeric,2003-04,Whole Year,2,Hectare,10.0,Tonnes,5.0
Karnataka,UDUPI,Turmeric,2001-02,Whole Year,70,Hectare,320.0,Tonnes,4.571428571
Karnataka,UDUPI,Turmeric,2002-03,Whole Year,103,Hectare,392.0,Tonnes,3.805825243
Karnataka,UDUPI,Turmeric,2003-04,Whole Year,83,Hectare,279.0,Tonnes,3.361445783
Karnataka,UTTAR KANNAD,Turmeric,2001-02,Whole Year,12,Hectare,62.0,Tonnes,5.166666667
Karnataka,UTTAR KANNAD,Turmeric,2002-03,Whole Year,10,Hectare,43.0,Tonnes,4.3
Karnataka,UTTAR KANNAD,Turmeric,2003-04,Whole Year,8,Hectare,39.0,Tonnes,4.875
Karnataka,BANGALORE RURAL,Urad,2001-02,Kharif,81,Hectare,30.0,Tonnes,0.37037037
Karnataka,BANGALORE RURAL,Urad,2001-02,Rabi,1,Hectare,0.1,Tonnes,0.1
Karnataka,BANGALORE RURAL,Urad,2002-03,Kharif,25,Hectare,4.0,Tonnes,0.16
Karnataka,BANGALORE RURAL,Urad,2003-04,Kharif,104,Hectare,26.0,Tonnes,0.25
Karnataka,BELGAUM,Urad,2001-02,Kharif,2727,Hectare,1008.0,Tonnes,0.369636964
Karnataka,BELGAUM,Urad,2002-03,Kharif,1815,Hectare,202.0,Tonnes,0.111294766
Karnataka,BELGAUM,Urad,2003-04,Kharif,1064,Hectare,237.0,Tonnes,0.222744361
Karnataka,BELLARY,Urad,2001-02,Kharif,67,Hectare,25.0,Tonnes,0.373134328
Karnataka,BELLARY,Urad,2001-02,Rabi,184,Hectare,69.0,Tonnes,0.375
Karnataka,BELLARY,Urad,2002-03,Kharif,28,Hectare,4.0,Tonnes,0.142857143
Karnataka,BELLARY,Urad,2002-03,Rabi,105,Hectare,12.0,Tonnes,0.114285714
Karnataka,BELLARY,Urad,2003-04,Kharif,26,Hectare,7.0,Tonnes,0.269230769
Karnataka,BELLARY,Urad,2003-04,Rabi,34,Hectare,18.0,Tonnes,0.529411765
Karnataka,BENGALURU URBAN,Urad,2001-02,Kharif,38,Hectare,14.0,Tonnes,0.368421053
Karnataka,BENGALURU URBAN,Urad,2002-03,Kharif,13,Hectare,2.0,Tonnes,0.153846154
Karnataka,BENGALURU URBAN,Urad,2003-04,Kharif,21,Hectare,5.0,Tonnes,0.238095238
Karnataka,BIDAR,Urad,2001-02,Kharif,86581,Hectare,35780.0,Tonnes,0.41325464
Karnataka,BIDAR,Urad,2002-03,Kharif,83943,Hectare,10207.0,Tonnes,0.121594415
Karnataka,BIDAR,Urad,2003-04,Kharif,69566,Hectare,16125.0,Tonnes,0.231794267
Karnataka,CHAMARAJANAGAR,Urad,2001-02,Kharif,1720,Hectare,636.0,Tonnes,0.369767442
Karnataka,CHAMARAJANAGAR,Urad,2001-02,Rabi,131,Hectare,49.0,Tonnes,0.374045802
Karnataka,CHAMARAJANAGAR,Urad,2002-03,Kharif,1878,Hectare,293.0,Tonnes,0.156017039
Karnataka,CHAMARAJANAGAR,Urad,2002-03,Rabi,303,Hectare,36.0,Tonnes,0.118811881
Karnataka,CHAMARAJANAGAR,Urad,2003-04,Kharif,1141,Hectare,33.0,Tonnes,0.028921998
Karnataka,CHAMARAJANAGAR,Urad,2003-04,Rabi,549,Hectare,289.0,Tonnes,0.526411658
Karnataka,CHIKMAGALUR,Urad,2001-02,Kharif,633,Hectare,234.0,Tonnes,0.369668246
Karnataka,CHIKMAGALUR,Urad,2001-02,Rabi,23,Hectare,9.0,Tonnes,0.391304348
Karnataka,CHIKMAGALUR,Urad,2002-03,Kharif,780,Hectare,111.0,Tonnes,0.142307692
Karnataka,CHIKMAGALUR,Urad,2002-03,Rabi,110,Hectare,13.0,Tonnes,0.118181818
Karnataka,CHIKMAGALUR,Urad,2003-04,Kharif,482,Hectare,121.0,Tonnes,0.251037344
Karnataka,CHIKMAGALUR,Urad,2003-04,Rabi,67,Hectare,35.0,Tonnes,0.52238806
Karnataka,CHITRADURGA,Urad,2001-02,Kharif,40,Hectare,15.0,Tonnes,0.375
Karnataka,CHITRADURGA,Urad,2002-03,Kharif,31,Hectare,4.0,Tonnes,0.129032258
Karnataka,CHITRADURGA,Urad,2003-04,Kharif,84,Hectare,21.0,Tonnes,0.25
Karnataka,DAKSHIN KANNAD,Urad,2001-02,Rabi,2398,Hectare,579.0,Tonnes,0.241451209
Karnataka,DAKSHIN KANNAD,Urad,2002-03,Rabi,2303,Hectare,221.0,Tonnes,0.095961789
Karnataka,DAKSHIN KANNAD,Urad,2003-04,Rabi,2281,Hectare,774.0,Tonnes,0.339324858
Karnataka,DAVANGERE,Urad,2001-02,Kharif,125,Hectare,46.0,Tonnes,0.368
Karnataka,DAVANGERE,Urad,2001-02,Rabi,246,Hectare,92.0,Tonnes,0.37398374
Karnataka,DAVANGERE,Urad,2002-03,Kharif,45,Hectare,6.0,Tonnes,0.133333333
Karnataka,DAVANGERE,Urad,2002-03,Rabi,746,Hectare,88.0,Tonnes,0.117962467
Karnataka,DAVANGERE,Urad,2003-04,Kharif,44,Hectare,11.0,Tonnes,0.25
Karnataka,DAVANGERE,Urad,2003-04,Rabi,528,Hectare,278.0,Tonnes,0.526515152
Karnataka,DHARWAD,Urad,2001-02,Kharif,1113,Hectare,411.0,Tonnes,0.369272237
Karnataka,DHARWAD,Urad,2002-03,Kharif,1489,Hectare,212.0,Tonnes,0.142377435
Karnataka,DHARWAD,Urad,2003-04,Kharif,789,Hectare,22.0,Tonnes,0.027883397
Karnataka,GADAG,Urad,2001-02,Kharif,4,Hectare,1.0,Tonnes,0.25
Karnataka,GADAG,Urad,2002-03,Kharif,1,Hectare,0.1,Tonnes,0.1
Karnataka,GULBARGA,Urad,2001-02,Kharif,49255,Hectare,14646.0,Tonnes,0.297350523
Karnataka,GULBARGA,Urad,2002-03,Kharif,53648,Hectare,9378.0,Tonnes,0.174806144
Karnataka,GULBARGA,Urad,2003-04,Kharif,48416,Hectare,14213.0,Tonnes,0.29355998
Karnataka,HASSAN,Urad,2001-02,Kharif,828,Hectare,54.0,Tonnes,0.065217391
Karnataka,HASSAN,Urad,2001-02,Rabi,338,Hectare,127.0,Tonnes,0.375739645
Karnataka,HASSAN,Urad,2002-03,Kharif,751,Hectare,107.0,Tonnes,0.142476698
Karnataka,HASSAN,Urad,2002-03,Rabi,221,Hectare,26.0,Tonnes,0.117647059
Karnataka,HASSAN,Urad,2003-04,Kharif,435,Hectare,110.0,Tonnes,0.252873563
Karnataka,HASSAN,Urad,2003-04,Rabi,72,Hectare,10.0,Tonnes,0.138888889
Karnataka,HAVERI,Urad,2001-02,Kharif,1156,Hectare,427.0,Tonnes,0.369377163
Karnataka,HAVERI,Urad,2001-02,Rabi,121,Hectare,45.0,Tonnes,0.371900826
Karnataka,HAVERI,Urad,2002-03,Kharif,419,Hectare,47.0,Tonnes,0.112171838
Karnataka,HAVERI,Urad,2002-03,Rabi,619,Hectare,73.0,Tonnes,0.117932149
Karnataka,HAVERI,Urad,2003-04,Kharif,171,Hectare,43.0,Tonnes,0.251461988
Karnataka,HAVERI,Urad,2003-04,Rabi,240,Hectare,126.0,Tonnes,0.525
Karnataka,KOLAR,Urad,2001-02,Kharif,41,Hectare,15.0,Tonnes,0.365853659
Karnataka,KOPPAL,Urad,2001-02,Kharif,3,Hectare,1.0,Tonnes,0.333333333
Karnataka,KOPPAL,Urad,2002-03,Kharif,106,Hectare,15.0,Tonnes,0.141509434
Karnataka,KOPPAL,Urad,2002-03,Rabi,970,Hectare,114.0,Tonnes,0.117525773
Karnataka,KOPPAL,Urad,2003-04,Kharif,34,Hectare,9.0,Tonnes,0.264705882
Karnataka,KOPPAL,Urad,2003-04,Rabi,194,Hectare,102.0,Tonnes,0.525773196
Karnataka,MANDYA,Urad,2001-02,Kharif,350,Hectare,129.0,Tonnes,0.368571429
Karnataka,MANDYA,Urad,2001-02,Rabi,79,Hectare,30.0,Tonnes,0.379746835
Karnataka,MANDYA,Urad,2002-03,Kharif,291,Hectare,41.0,Tonnes,0.140893471
Karnataka,MANDYA,Urad,2002-03,Rabi,249,Hectare,29.0,Tonnes,0.116465864
Karnataka,MANDYA,Urad,2003-04,Kharif,469,Hectare,118.0,Tonnes,0.251599147
Karnataka,MANDYA,Urad,2003-04,Rabi,117,Hectare,62.0,Tonnes,0.52991453
Karnataka,MYSORE,Urad,2001-02,Kharif,5184,Hectare,1916.0,Tonnes,0.369598765
Karnataka,MYSORE,Urad,2001-02,Rabi,768,Hectare,288.0,Tonnes,0.375
Karnataka,MYSORE,Urad,2002-03,Kharif,3569,Hectare,556.0,Tonnes,0.155785934
Karnataka,MYSORE,Urad,2002-03,Rabi,1941,Hectare,229.0,Tonnes,0.117980423
Karnataka,MYSORE,Urad,2003-04,Kharif,5918,Hectare,1321.0,Tonnes,0.223217303
Karnataka,MYSORE,Urad,2003-04,Rabi,463,Hectare,244.0,Tonnes,0.52699784
Karnataka,RAICHUR,Urad,2001-02,Kharif,42,Hectare,16.0,Tonnes,0.380952381
Karnataka,RAICHUR,Urad,2002-03,Kharif,13,Hectare,2.0,Tonnes,0.153846154
Karnataka,RAICHUR,Urad,2002-03,Rabi,809,Hectare,95.0,Tonnes,0.117428925
Karnataka,SHIMOGA,Urad,2001-02,Kharif,110,Hectare,41.0,Tonnes,0.372727273
Karnataka,SHIMOGA,Urad,2001-02,Rabi,284,Hectare,107.0,Tonnes,0.376760563
Karnataka,SHIMOGA,Urad,2002-03,Kharif,116,Hectare,17.0,Tonnes,0.146551724
Karnataka,SHIMOGA,Urad,2002-03,Rabi,351,Hectare,41.0,Tonnes,0.116809117
Karnataka,SHIMOGA,Urad,2003-04,Kharif,76,Hectare,19.0,Tonnes,0.25
Karnataka,SHIMOGA,Urad,2003-04,Rabi,310,Hectare,163.0,Tonnes,0.525806452
Karnataka,TUMKUR,Urad,2001-02,Kharif,490,Hectare,181.0,Tonnes,0.369387755
Karnataka,TUMKUR,Urad,2001-02,Rabi,6,Hectare,2.0,Tonnes,0.333333333
Karnataka,TUMKUR,Urad,2002-03,Kharif,408,Hectare,58.0,Tonnes,0.142156863
Karnataka,TUMKUR,Urad,2003-04,Kharif,397,Hectare,100.0,Tonnes,0.251889169
Karnataka,UDUPI,Urad,2001-02,Rabi,6631,Hectare,2810.0,Tonnes,0.423767154
Karnataka,UDUPI,Urad,2002-03,Rabi,6705,Hectare,841.0,Tonnes,0.125428785
Karnataka,UDUPI,Urad,2003-04,Rabi,5876,Hectare,3550.0,Tonnes,0.604152485
Karnataka,UTTAR KANNAD,Urad,2001-02,Rabi,643,Hectare,241.0,Tonnes,0.374805599
Karnataka,UTTAR KANNAD,Urad,2002-03,Rabi,652,Hectare,77.0,Tonnes,0.11809816
Karnataka,UTTAR KANNAD,Urad,2003-04,Rabi,666,Hectare,351.0,Tonnes,0.527027027
Karnataka,BAGALKOT,Wheat,2001-02,Rabi,25855,Hectare,34969.0,Tonnes,1.352504351
Karnataka,BAGALKOT,Wheat,2002-03,Rabi,23327,Hectare,32386.0,Tonnes,1.388348266
Karnataka,BAGALKOT,Wheat,2003-04,Rabi,15300,Hectare,18327.0,Tonnes,1.197843137
Karnataka,BELGAUM,Wheat,2001-02,Rabi,45645,Hectare,49750.0,Tonnes,1.08993318
Karnataka,BELGAUM,Wheat,2002-03,Rabi,52297,Hectare,38113.0,Tonnes,0.728779854
Karnataka,BELGAUM,Wheat,2003-04,Rabi,51451,Hectare,32005.0,Tonnes,0.622048162
Karnataka,BELLARY,Wheat,2001-02,Rabi,2201,Hectare,2270.0,Tonnes,1.031349387
Karnataka,BELLARY,Wheat,2002-03,Rabi,1077,Hectare,843.0,Tonnes,0.782729805
Karnataka,BELLARY,Wheat,2003-04,Rabi,990,Hectare,707.0,Tonnes,0.714141414
Karnataka,BIDAR,Wheat,2001-02,Rabi,10101,Hectare,8188.0,Tonnes,0.810612811
Karnataka,BIDAR,Wheat,2002-03,Rabi,8840,Hectare,5975.0,Tonnes,0.675904977
Karnataka,BIDAR,Wheat,2003-04,Rabi,7887,Hectare,4620.0,Tonnes,0.585774059
Karnataka,BIJAPUR,Wheat,2001-02,Rabi,57398,Hectare,53458.0,Tonnes,0.931356493
Karnataka,BIJAPUR,Wheat,2002-03,Rabi,50163,Hectare,38109.0,Tonnes,0.759703367
Karnataka,BIJAPUR,Wheat,2003-04,Rabi,34432,Hectare,17796.0,Tonnes,0.516844796
Karnataka,CHIKMAGALUR,Wheat,2001-02,Rabi,21,Hectare,16.0,Tonnes,0.761904762
Karnataka,CHIKMAGALUR,Wheat,2002-03,Rabi,6,Hectare,1.0,Tonnes,0.166666667
Karnataka,CHIKMAGALUR,Wheat,2003-04,Rabi,1,Hectare,1.0,Tonnes,1.0
Karnataka,CHITRADURGA,Wheat,2001-02,Rabi,1531,Hectare,1838.0,Tonnes,1.200522534
Karnataka,CHITRADURGA,Wheat,2002-03,Rabi,756,Hectare,843.0,Tonnes,1.115079365
Karnataka,CHITRADURGA,Wheat,2003-04,Rabi,803,Hectare,637.0,Tonnes,0.793275218
Karnataka,DAVANGERE,Wheat,2001-02,Rabi,888,Hectare,738.0,Tonnes,0.831081081
Karnataka,DAVANGERE,Wheat,2002-03,Rabi,986,Hectare,566.0,Tonnes,0.574036511
Karnataka,DAVANGERE,Wheat,2003-04,Rabi,786,Hectare,445.0,Tonnes,0.566157761
Karnataka,DHARWAD,Wheat,2001-02,Rabi,39212,Hectare,14201.0,Tonnes,0.362159543
Karnataka,DHARWAD,Wheat,2002-03,Rabi,36056,Hectare,10108.0,Tonnes,0.280341691
Karnataka,DHARWAD,Wheat,2003-04,Rabi,52237,Hectare,3902.0,Tonnes,0.074698011
Karnataka,GADAG,Wheat,2001-02,Rabi,34893,Hectare,11223.0,Tonnes,0.321640444
Karnataka,GADAG,Wheat,2002-03,Rabi,36223,Hectare,7680.0,Tonnes,0.212019987
Karnataka,GADAG,Wheat,2003-04,Rabi,37589,Hectare,8208.0,Tonnes,0.218361755
Karnataka,GULBARGA,Wheat,2001-02,Rabi,29456,Hectare,17455.0,Tonnes,0.592578762
Karnataka,GULBARGA,Wheat,2002-03,Rabi,20389,Hectare,9759.0,Tonnes,0.478640443
Karnataka,GULBARGA,Wheat,2003-04,Rabi,17523,Hectare,7700.0,Tonnes,0.439422473
Karnataka,HAVERI,Wheat,2001-02,Rabi,1362,Hectare,969.0,Tonnes,0.711453745
Karnataka,HAVERI,Wheat,2002-03,Rabi,1274,Hectare,488.0,Tonnes,0.383045526
Karnataka,HAVERI,Wheat,2003-04,Rabi,1833,Hectare,295.0,Tonnes,0.160938352
Karnataka,KOPPAL,Wheat,2001-02,Rabi,8872,Hectare,2513.0,Tonnes,0.283250676
Karnataka,KOPPAL,Wheat,2002-03,Rabi,12264,Hectare,1899.0,Tonnes,0.154843444
Karnataka,KOPPAL,Wheat,2003-04,Rabi,8578,Hectare,920.0,Tonnes,0.107251108
Karnataka,RAICHUR,Wheat,2001-02,Rabi,3048,Hectare,1231.0,Tonnes,0.403871391
Karnataka,RAICHUR,Wheat,2002-03,Rabi,3197,Hectare,978.0,Tonnes,0.305911792
Karnataka,RAICHUR,Wheat,2003-04,Rabi,2584,Hectare,587.0,Tonnes,0.227167183
Karnataka,TUMKUR,Wheat,2001-02,Rabi,3,Hectare,3.0,Tonnes,1.0
